content,score
Good,5
Mungkin untuk cctv area sleman dan tempel bisa ditambahkan,4
Kota Yogyakarta Istimewa,5
"Tolong registrasi di permudah dong, ga usah ada vermuk, yg kamera nya jelek susah mau daftar",3
"Mau ngurus ktp hilang, tapi registrasinya suruh foto ktp dan swafoto sambil megang ktp, tolong bikin aplikasi yang logis lah",1
tidak bisa registrasi tolong di perbaikin developers bug swavideo error,2
Buat Dinas,5
Ok,5
Bagus dan sangat membantu warga Saya sebagai warga kota jogja sangat bangga dengan aplikasi jss ini...,5
Good,5
"Bagus,walaupun ada sebagian kendala.",5
VÅºxpb,3
Aplikasi bagus....,5
Verifikasinya lamaaaaaaaaaaaa,1
Good aplikasi,5
Untuk apa diberi pilihan bayar tetapi tidak ada pilihannya??? Memakai jss supaya cepat malah bikin buang buang waktu,1
Aplikasi rusak,1
Bad application is difficult to login,1
Mantap,5
"Wifinya ndak bisa conect , sering muncul notifikasi : "" situs ini tidak bisa menyediakan jaringan yang aman "" kenapa tuh ?",1
wifinya sering error pakkkk,1
ğŸ‘ğŸ½,5
"Aplikasi cacat,,,log out trus....cape",1
"Untuk fitur Live chat JSS respon nya kurang cepat dan kadang respon nya membingungkan karena yang membalas chat nya menggunakan bot. Harusnya admin live chat JSS dari sumber daya manusia yang ada di Diskominfosan saja, agar pertanyaan masyarakat dapat dijawab secara jelas.",2
Payah susah buat login,1
Angel sebagian tempat ko mengunakan catphe untuk masuk di kecamatan kelurahan di akses pun susah jare fasilitas go warga kota tapi gak iso guna cm sinyal tok sek jebak arep login ura iso .......,2
"Baru sampai pada proses pendaftaran saja sudah rumit dan ribet harus menggunakan swafoto dan swavideo dengan KTP. Niatnya mau mempermudah malah rumit, proses verifikasi dari kominfo memakan waktu 2 hari.",1
error terus,1
TibaÂ² keluar dan masuk lagi gak bisa padahal akun dan password sudah benar...dan sebelumnya upload identitas gak bisa terus...piye to iki...aplikasi sudah siap belum,2
Memudahkan dalam pengurusan kependudukan,5
Sudah 8x percobaan mengisi dan meng-upload berkas....sinyal selalu gagal tersambung...!!!!!! Aplikasi cacat..!!!! Pdhal sinyal aman2 saja buat yang Lain.,1
Mantab,5
"Mantap sangat membantu, tapi klo boleh kasih saran d setiap sudut jln yg d rawan kejahatan d pasang cctv atau perlu semua kota dn desa supaya bisa termpantau monitor dn bisa langsung memberi tahukan polisi, dn sangat membantu jika criminal melarikan diri bisa terpantau posisinya",5
kenapa ya dari awal sampai sekarang ini lebih sering tidak bisa membuka aplikasi dengan alasan karena dalam perbaikan....,2
Sangat inovatif,5
"mau daftar free hotspot susah, udah download sertifikat personal pas mau ekstrak hrs masukin pass akun jss tapi salah trus ga bisa pdhl uda bnr pass akun nya",3
Free WiFinya susah di akses,5
Cctv lancar...mantap buat mantau keadaan,5
"KTP KU HILANG BAPAK/IBU, MAU LOGIN SWAVIDEO GIMANA KTP ASLINYA AJA HILANG COBA. GANTILAH PAKE KK KAN BISA, BAPAK/IBU. MAKANYA KENAPA SAYA LOGIN KE JSS KARNA INGIN MENGAJUKAN PENGGANTIAN KTP. YAA ALLAH T_T",1
Aplikasi gak jelas masa saat verifikasi gagal terus,1
Tiap masuk wifi pemkot mental terus,1
Bagus,5
tambah cctv area piyungan ketimur/ kearah wonsa,3
Gk bisa login wifi woi,1
"Tolong ditambah tema gelap atau tema adaptif, karena saat membuka aplikasi ini di malam hari rasanya sangat tidak nyaman.",3
"Mau chat CS nya ga bisa bisa mulu. Cuma layar putih doang, padahal sinyal bagus",2
Keren sangat membantu,5
Terimakasih... sangat mempermudah masyarakat,5
Pelayanan ramah dan dibantu dalam pengarahan. Pertahankan pelayanan.,5
"ini aplikasi pemerintahan tapi mau buka kuk malah masuk iklan2, mohon diperbaiki",3
Ribet mau login....susah.. .,1
Sulit,1
Sip lah,4
Mempermudah,5
Lebih mempermudah segala urusan tanpa harus antri,5
Mau login aja ribett banget dan lamaa,1
sewaktu saya buka. aplikasi selalu menampilkan bug,1
Lancar,5
Mantap,5
Mau riset password susah daftarin email yg Bru GK ada bisa,1
Udah lama-lama buat akun cek pbb sleman malah ga bisa. Kirain punya provinsi ternyata cuma sebatas Kota Yogyakarta doang. Mending langsung cek e-commerce,1
sangat membantu dan aplikasi sangat lancar no lag dan no iklan ğŸ‘ğŸ˜ jos pokoe,5
Bagus sekali. Sangat membantu masyarakat. ğŸ‘,5
Jss selalu di hati,5
"Kurang bagus, jelek, tidak bisa reset password",2
Memudahkan layanan untuk masyarakat,5
"Semoga lebih meningkat supaya lebih cepat loadingnya, namun tetap ringan di gadget.",5
Bagus banget,5
Bagus aplikaisinya,5
JSS MEMUDAHKAN PELAYANAN PABLIK SEPERTI KIR UJI EMISI KENDARAAN . LAYANAN KEPENDUDUKAN. ADUAN. JAJANAN DAN LAIN LAIN POKOK NYA JSS OKE DEH,5
"Satu untuk semua kebutuhan, tingkatkan lagi sistemnya biar kalau setiap akses bisa cepat loading nya. Terimakasih",5
Aplikasi yang sangat membantu,5
Aplikasi bagus mantab sangat informatif dan sangat bermanfaat,5
Aplikatif dan sesuau kebutuhan,5
Absen gak bisa padahal dah di kantor.,4
Aplikasi sangat bermanfaat.... Keren,5
memudahkan pekerjaan,5
Mantap,5
Bagus sekali. Sangat membantu,5
Sangat bermanfaat sekali aplikasinya semoga ke depan bisa ditambah lagi fiturnya,5
Sangat bermanfaat sekali aplikasi JSS semoga ke depan bisa ditambah fiturnya,5
Joshhh,5
Mantap,5
Harus pakai aplikasi ini untuk pelaksanaan kerja sehari-hari di Kota Yogyakarta,5
Semakin kesini sudah semakin bagus... Semoga makin banyak manfaat bagi warga jogja,5
Memuaskan,5
Baguussss aplikasinya mengcover semuanya,5
"Maaf hari ini Senin 22 Juni 2020 saya tidak bisa melakukan presensi online, tidak diketahui sebabnya, tetapi pada tampilan halaman presensi online tidak ada opsi masuk. Apakah nanti ada klarifikasi? Karena presensi online adalah bukti masuk kerja yang diakui.",5
Aplikasi yang sangat membantu warga kota yogyakarta,5
Aplikasinya sangat membantu,5
Aplikasinya sangat membantu dan bermanfaat bagi masyarakat dan ASN,5
Aplikasinya yang sangat bermanfaat,5
Semakin sukses,5
Mantap.. Sangat membantuğŸ˜ƒğŸ‘,5
sangat memudahkan,5
Sudah ok,5
"Mempermudah layanan dan akses informasi di Kota Jogja, aplikasi mudah digunakan",5
Aplikasi yang membantu untuk warga kota Yogyakarta. ğŸ‘,5
"Aplikasi yang sangat hebat, canggih, berisi anek macam pelayanan publik, sangat membantu dan memberi kemudahan bagi masyarakat dalam mengakses pelayanan pemerintah kota yogyakarta.",5
Bener2 melatih kedisiplinan....,5
Sangat membantu dalam pelayanan kpd masyarakat dan pelaksanaan pekerjaan...,5
Sangat berguna dan aplikatif,5
Wow kerenian jss jogja kota ğŸ™‹â€â™€ï¸ mantab aplikaainya dan bisa membantu mempercepat informasi dan urusan surat- menyurat ğŸ‘ğŸ™,5
Pemkot jogja is the best,5
Masyarakat mdh memperoleh informasi,5
"Aplikasi yang bermanfaat, mempermudah, efektif dan efisien dalam berbagai hal",5
Dengan adanya Aplikasi JSS lebih mempermudah untuk berbagai informasi dan pelayanan yang dibutuhkan masyarakat,5
Dengan aplikasi JSS semua urusan jadi lebih mudah alhamdulillah,5
Memudahkan pelayanam,5
Aplikasi sangat bermanfangat...,5
praktis dalam penyampaian keluhan dan meresponnya cepat,5
Sangat bermanfaat dan membantu dalam layanan kepada Masyarakat dan Pegawai,5
Aplikasinya membantu bagi Masyarakat dan ASN di lingkungan Kota Yogyakarts dalam hal pelayanan dsb.,5
Sangat bermanfaat,5
"Aplikasi lengkap, cepat, dan mudah digunakan. Info terkini juga dapat segera diakses oleh masyarakat melalu aplikasi ini. Semoga dapat berkembang menjadi lebih baik lagi.",5
"Sangat bagus, tingkatkan terus utk pelayanan kpd masyarakat yg lebih baik.",5
Semoga makin bermafaat,5
Sangat membantu,5
Aplikasi super lengkap pelayanan publik.. semoga kedepannya semakin baik..,5
Aplikasi nya mantap,5
Sangat bermanfaat bagi masyarakat Kota Yogyakarts,5
Aplikasi yg sangat bermanfaağŸ‘,5
Berguna bagi asn dan masyarakat umum dlam mencari informasi administrasi pelayanan publik,5
Aplikasi keren bisa lihat sudut jogja dari aplikasi,5
Bermanfaat,5
Terlengkap,5
Aplikasi yg sangat lengkap & mudah digunakan oleh masyarakat,5
Mudah digunakan dan sangat membantu,5
Sangat bermanfaat bagi warga kota yogyakarta. Untuk mengetahui informasi,5
Sangat lengkap dan memudahkan urusan2 kami sbg warga kota jogja,5
"Usefull, aplikasi mudah dijalankan. Tangguh dan aman, mantaab !! sangat berguna bagi masyarakat utk menyampaikan masukan Respon selalu cepat dan terpantau. Pilihan layanan semakin lengkap, kereennn abis !",5
Komplit plit plit.. ğŸ‘,5
Aplikasi yang sangat bermanfaat dan lengkap. Semoga kedepannya semakin oke,5
Mantap. Aplikasinya cukup membantu masyarakat kota Jogja guna mengakses layanan pemerintah kota,5
Bagus,5
Bagussss,5
Alhamdulillah aplikasi ini memudahkan kinerja pegawai dan warga kota jogja. Cuma masih sering ada kendala pada saat waktu presensi...,5
Layanan terintegrasi dalam satu aplikasi. Tapi masih perlu penyempurnaan lagi dan kemudahan dalam penggunaanya bagi masyarakat secara umum,5
"cepat, tepat, manfaat ğŸ‘",5
Memberikan kemudahan dalam banyak keperluan. Mantabbb,5
"Jogja smart service sangat membantu terhadap pelayanan di kota Yogyakarta ,,wujud nyata untuk masyakarat",5
Sudah bagus buat membantu administrasi,5
Nggak nyangka instansi pemda bisa membuat aplikasi sebagus dan sebermanfaat ini. Sangat membantu masyarakat. Semoga terus dikembangkan dan bugÂ² yang ada bisa diperbaiki,5
Aplikasinya dengan menu yang lengkap dan mudah,5
well,5
Paket lengkap ğŸ‘ğŸ»,5
"Aplikasinya mudah digunakan,mantapğŸ‘",5
Aplikasi yang sangat bermanfaat dan mempermudah urusan terutama utk administrasi kependudukan dan aduan yang fast respon,5
Mantap dan manfaat,5
Aplikasi yang sangat membantu masyarakat kota yogyakarta,5
Makin kereen.....,5
Jos ğŸ‘ kota Jogja maju terus menuju smart city ğŸ¤©ğŸ’ª,5
Aplikasi yang sangat membantu,5
Well,5
Mantapss,5
Dalam genggaman tangan JSS sangat membantu dan mempermudah pengurusan Data Administrasi Kependudukan Warga Kota Yogyakarta,5
"Aplikasi Te O Pe, mau ngurus apa aja di Pemkot Jogja tinggal klik disini. Mudah, nggak ribet. ğŸ‘",5
Segala sesuatu tentang Jogja serasa dalam satu gengaman,5
mempermudah pelayanan berbasis IT,5
Sangat bermanfaat,5
Memuaskan,5
Sangat bermanfaat,5
"Aplikasi yang bermanfaat, baik bagi warganya maupun pegawainya",5
Bagus,5
ğŸ‘,5
Aplikasi serba bisa mantab,5
Sangat Membantu bagi masyarakat Jogja,5
Semua urusan dimudahkan dengan jss,5
oke,5
mainnya hebatt,5
Memudahkan masyarakat untuk mengakses layanan dari Pemerintah Kota Yogyakarta,5
Mohon perbaikan terkait responsibility saat presensi online,4
mantab boss,5
ğŸ‘ğŸ‘ğŸ‘,5
mantab coyyyğŸ¤Ÿ,5
"Aplikasinya oke, sangat membantu",5
Sebuah inovasi yang sangat membantu,5
Sangat membantu aplikasinya,5
Lengkap,5
"Aplikasi pintar,, banyak manfaat",5
aplikasi sangat bermanfaat,5
keren,5
Inovatif dan informastif,5
Aplikasi bagus.,5
Sangat inovatif dan bermanfaat,5
Bagus,5
Mempermudah banyak hal,5
aplikasi pelayanan dari pemkot yogyakarta,5
"Sudah bagus, sangat bermanfaat dan membantu",5
Sangat mudah digunakan,5
Bagus,5
Memudahkan pelayanan internal pegawai pemkot dan layanan publik kepada masyarakat. User interface juga friendly user ğŸ‘ğŸ½ğŸ‘ğŸ½,5
Aplikasi mantap...sangat bermanfaat untuk masyarakat Kota Yogyakarta.,5
Aplikasi sangat berguna di era digital saat ini. Akses lebih mudah dan cepat.,5
Josssssh!,5
"Mantab, semua layanan selesai dalam satu genggaman... Maju terus Kota Jogja..",5
Maju trs Pemkot Jogja,5
Good aplikasi,5
informatif dan sangat membantu,5
Sangat bermanfaat untuk mengurus segala keperluan,5
Menunya semakin komplit.....masyarakat semakin dimudahkan dalam mengakses layanan publik....top markotop Pemkot Jogja...,5
Aplikasinya top bgt...sangat membantu masyarakat kota Jogja...maju terus Pemkot Jogja,5
Aplikasi JSS bagus sangat membantu bagi warga Yogyakarta,5
Aplikasi sangat bermanfaat,5
Aplikasi sangat membantu memudahkan segala urusan yang terkait dengan kepegawaian dan kepengurusan berkas untuk warga jogja secara umum dan warga yang berdomisili di jogjakarta,5
Sangat bermanfaat,5
"Nice dan sangat informatif, memudahkan dalam mencari informasi pelayanan dan pengaduan, serta informasi terupdate lainnya",5
Mempermudah sistem pelayanan pegawai maupun masyarakat,5
Sangat bermanfaat ğŸ‘ğŸ½,5
Aplikasi sangat bagus membantu Pegawai meningkatkan kinernya,5
Aplikasi yang berisi semua pelayanan pemkot jogja.. Semua layanan terintegrasi disini.. JSS Josss,5
"Sangat bermanfaat, baik utk ASN maupun masyarakat jogjağŸ‘ğŸ‘",5
Mantap,5
Sangat membantu....,5
Sangat membantu,5
Sangat membantu dalam kegiatan sehari-hari,5
Dengan jss layanan untuk pegawai dan masyarakat kota Jogja dan luar jogja semakin baik dan mudah..matur nuwun,5
Keren,5
Top... Verygood,5
"Efisien, sangat membantu",5
Bagus. Urusan birokrasi menjadi mudah,5
Aplikasinya sangat mudah digunakan,5
Aplikasinya sangat membantu mempermudah mendapat pelayanan publik dari pemerintah kota yk,5
Inovasi yang sangat membantu dan fleksibel...mantap,5
Mantap,5
Paket lengkap sudah ada disini... Mantappp,5
Aplikasi yang komplit,5
Bagus sekali terimakasih,5
Mantap...pelayanan makin mudah..ğŸ‘ğŸ‘,5
Memudahkan,5
Mantap sangat membantu dan mudah digunakan,5
aplikasi yang terintegrasi . semua pelayanan ada dalam satu aplikasi,5
"Sangat membantu, satu aplikasi bisa untuk semua layanan",5
Makin canggih dan berjaya,5
Sangat membantu karena semua layanan ada dalam 1 genggaman,5
Memudahkan berbagai macam pelayanan,5
Aplikasi yg cukup lengkap... Kereen.. ğŸ‘,5
Sangat membantu dan lengkap.,5
Sangat memudahkan pelayanan,5
Bermanfaat dan bermartabat,5
Gak guna mi,1
"Pengalaman sya sih, ni aplikasi bukan mempermudah malah makin ribet ğŸ˜’",5
"Aplikasi yang sangat bermanfaat bagi warga Kota Yogyakarta. Sedikit saran suara notifikasi agar dapat diganti sebab selain mengagetkan, tak mencerminkan alunan lagu khas Jogja",5
Astaghfirulloh.. Mau log in susahnya ampun deh,1
Membantu,5
ga fungsi...uda daftar gangguan terus,1
Mau permohonan ganti KTP rusak tp daftarnya selfi pake ktp trus gimana ya? Soalnya ktp nya aja rusak mau selfi pake ktp siapa mas,3
"Luar biasa, banyak kemudahan yg didapat",5
Rong nyobo ndes Jogja banyak kliteh,5
Mau lihat data warga tidak bisa dan aplikasi lemot pol mohon diperbaiki lagi,1
Sering gagal nyambung ke wifi,1
"Bermanfaat sekali, tingkatkan",5
"Pelayanan online masih berantakan banget, ngurus KK baru ribetnya minta ampun, admin wa nya juga slow respon banget, cari pegawai yang kompeten lahh",1
Sangat bermanfaat dan komunikatif,5
Sangat membantu,5
Tingkatkan,5
Mantab,5
"Aplikasi nya mantaapp. Sesuai dengan namanya smart service, semoga ke depan makin di perbaiki lgi sistem yang masih kurangğŸ‘",5
Sangat bermanfaat untuk kepengurusan KIA KTP Akta,5
Sangat bagus dan bermanfaat,5
Alhamdulillah mantab,5
"Sangat membantu sekali, semua pelayanan di pemerintah kota Yogyakarta. Petugasnya ramah dan membantu",5
"Aplikasinya sangat membantu masyarakat, petugasnya ramah. Terimakasih",5
"Aplikasinya cukup membantu dan memudahkan dalam pemrosesan, tingkatkan",5
Sangat membantu sekali. Mantap,5
"Aplikasinya sangat bermanfaat dan petugasnya ramah, komunikatif",5
Pelayanannya sangat memuaskan dan petugasnya sangat membantu,5
"Pelayanan jss di mpp sangat bagus , sangat membantu masyarakat",5
Sangat membantu sekali dalam mendapatkan informasi mengenai lingkup pemerintah,5
Layanannya baik dan cepat.,4
"Aplikasinya sangat bermanfaat buat warga Jogja, semoga bisa lebih dikembangkan lagiğŸ™",5
Akses Lebih cepat dari senjatanya korut,5
"aplikasi sangat membantu dalam urusan urusan kependudukan dan lain lain, dan tidak banyak memakai ruang penyimpanan dalam handphone",5
"Aplikasi ini sangat bermanfaat dan membantu masyarakat karena bisa di akses dimana saja, menunya juga lengkap",5
Aplikasi sudah ada kemajuan. Semoga semakin ada peningkatan lagi dan mempermudah masyarakat Jogja dalam mengurus administrasi kependudukan,5
"aplikasinya sangat membantu, aduan melalui UPIK tertangani dengan cepat.",5
"mantap sekali aplikasinya, bisa ngurus surat tanpa harus ke kantor dinas.. bisa dilakukan jarak jauh, semoga update lebih bagus lagi dengan tambah fitur lainnya ğŸ‘ğŸ‘",5
Aplikasi yang bagus mantab good job,5
"memudahkan, semoga terus upgrade lagi dengan fitur2 terbaiknya ya",5
"Aplikasi bagus, walau ada beberapa bug, bisa di tingkatkan",4
"Maaf sementara ini aplikasi ini saya uninstal karena ke logout sendiri.dan klo mau masuk disuruh masukin nama,email,no.ktp n password itu yang bikin males.padahal setau saya aplikasi jas saya sudah kebuka kok bisa ke logout sendiri.jadi males gunakan apk ini apalagi klo pas menggunakan WiFi dari Pemkot susah masuknya trus untuk cctv terbatas di kota saja ga semua seluruh Jogjakarta meliputi cctv Sleman,Bantul,kulon Progo n Wonosari.",1
Berguna sesuai dengan nama aplikasinya sangat smart service,5
Mantap. Tingkatkan terus aplikasinya,5
Aplikasinya sangat membantu untuk pembuatan akta & KIA,5
Mantap. Tingkatkan terus aplikasinya,5
On,2
Ok lumayan membantu..,5
"notif ganggu banget, suaranyaa nyebelin TENG TENG TENG TENG TENG apa lagi kalo pas lgi kumpul2 kerja miting malah jadi malu ditambah notifnya gabisa ilang di atas",1
Yg di dalam teras 2 ga bisa di lihat dari aplikasi ini. Jadi kurang bagus....,1
Sangat bermanfaat.,5
Ok,5
Ookkeee,4
Ookkeee,4
Susah mendaftar di jjs smart,3
Oke,4
Menurut saya aplikasinya tidak sesuai dengan nama nya yaitu smart Karena untuk mengurus data masih harus chat via whatsapp dimana harus di saat jam kerja Saran saya lebih baik dibuat seperti aplikasi dukcapil smart bantul(bisa mengisi data saat tidak jam kerja di dalam aplikasi/tidak perlu melalui wa dan tinggal menunggu hasilnya keluar saat sudah jam kerja via email) Ada kurang lebihnya mohon maaf Terima kasihğŸ™,1
Aduan lampu penerangan jalan mati..selesai 10jam dari laporan Conblok amblas krn hujan...2 hari selesai... Pohon perindang menutup pandangan pemakai jalan... 3hari selesai... Menurut saya penyelesaian masalah masih baik... Terima kasih..JSS.,5
"Maaf,pernah masang aplikasi ini..tapi setelah jarang saya buka mau masuk lagi kok susah? Padahal sudah terdaftar dulunya..",2
Gagal buat akun padahal ktp e yg buat pemerintah....lucu apk nya,1
Mohon disempurnakan fitur absensi otomatis yang terbaru tidak berjalan dihp kami yg ada di sekolah kemarin dpt info dr salah satu pegawai dinas pendidikan bisa tetapi setelah kami coba tdk bisa berjalan triamakasih,1
"kok ilang dewe. rajelas tenan. Parah ,raono balesan,sering err. Raiso otomatis. Ribet. Bajingan ra jelas",1
Setelah diupdate mlh susah..bgus an kmrin,1
Aplikasi msh bnyk bug. Percuma di sosialisasikan di tiap rt. Yg katanya apk jss bisa mempermudah untuk memperoleh layanan. Tp nyatanya sy udah bikin akun dan mau daftar antrian puskesmas malah di suruh login kembali setelah masuk ehh tidak ada kolom yg buat antrian puskesmas. Maunya mo kontrol tensi malah di bikin naik tensi karena apk jss yg membingungkan!,1
Siap,5
Keren...,5
setidaknya jngn prank lah...,1
Buat daftar pas pegang ktp sama selfie.loding smpe seharian gabisa di prosesssss,1
Awal doang bagus.. Sekarang gk guna banyak bermasalah..,1
"Jooozzzzz....,ğŸ‘ğŸ‘ğŸ‘ğŸ‘",5
Mantap,5
Bagus,5
Lelet aplikasi nya,1
Ok,5
"Ada nya aplikasi jss begitu sangat membantu warga Jogja, seperti pengurusan KTP, KK, akta lahir dll, demi kenyamanan warga Jogja mohon terus dikembang kan",5
MUH NURiZZA,2
"Buka Aplikasi JSS Saat masuk ke Layanan, tidak bisa memakai data seluler, kenapa harus pakai wifi?",2
Untuk membuat akun awal selalu gagal di foto KTP apalagi mau mempergunakan aplikasi JJS ğŸ¤¦,1
"Aplikasi pemerintah, tapi pelayanan dari Kominfo kurang fast, mohon maaf, saya mau mendaftar dan verifikasi nya sangat lama dari tim Kominfo nya, mohon bisa di perbaiki lagi kinerja nya karena merupakan pelayanan masyarakatğŸ™ğŸ»",1
Aplikasi yang sangat bermanfaat bagi masyarakat kota yogyskarta,5
"Untuk log in selalu ber masalah, dari segi login bagus beda dgn wifi2 lain tapi yang ini kurang akurat log in keseringan gagal, pake data untuk log in juga sama ğŸ˜– mohon tinjau ulang kak akses tersebut",1
Sangat baikk,5
"Pendaftaran perlu foto KTP dan foto KTP dengan diri sendiri. Aplikasi nasional sejenis peduli lindungi aja ga perlu swafoto diri dengan KTP. Saya ragu pemerintah bisa jaga data. Lagi pula untuk apa swafoto dengan KTP. Salah salah mengamankan data, jika dicuri bisa dijadikan pinjol dan kejahatan lainnya. Sangat tidak ramah dengan privasi",1
"Tolong untuk WiFi daerah RT 27 RW 06 sangat jelek, bahkan tidak bisa di pakai",2
"Tolong akses CCTV diperbaiki, skrg tbtb ndak bisa dipakaiğŸ™",2
Maju terus Jogjakita,4
Sangat bermanfaat,5
Suka banget kayak jogjaku istimewa,5
Sangat membantu,5
Sangat memberikan pencerahan dan semangat dalam berusaha. Terimakasih sibakul,5
"Pelayananya ramah, cepat, tempatnya nyaman bgt...anak2 friendly... Bisa ngprint dokumen sndri.. Ada layanan wifi gratis.. Mantep..ğŸ‘",5
"Jelek dan sering troble jss, terlihat pemerintah kota sendiri seperti tidak siap dan terkesan di paksakan, dari infrastruktur pendukung, kualitas sdm untuk pengembangan dan perawatan tidak mumpuni di bidangnya. Saran kedepan pemerintah harusnya berfokus pada skil, pengalaman ataupun keterampilan dalam perekrutan SDM, jangan cumua ijasah dan test tertulis doank, karna teori sama praktek beda jauh, kedepan pemkot harus berkaca dari luar negri mereka tidak berfokus pada ijasah tapi skil.",1
"Habis update tidak bisa diakses, Mohon diperbaiki, Web juga tidak bisa diakses",1
"Sangat membantu, tetap semangat jogja",3
"belum maksimal ,masih banyak kekurangan",4
"tolong diperbaiki lagi, nyambung wifi buat buka situs situs lainya ga bisa trus,main youtube aja dipersulit",1
ğŸ‘sangat membantu,5
susah bikin akun buat login,3
Optimal,5
Penting dan bermanfaat,5
Bagus,5
Saya salut buat pelayanan pemerintah kota Yogyakarta semakin baik,5
Bagus,5
Tidak bisa login,1
klk mau liat cctv Jogja di gogle jg ada loh,5
Aplikasi ini sangat membantu masyarakat kota Yogyakarta,5
Cctv error,1
Bagus lengkap,5
Respon chat livenya terlalu lama kurang fast respon,3
"Mau daftar,ngisi data diri, pas foto ktp kok cuma putih semua.. gimana ambil fotonya?",2
"Sangat bagus dan sangat membantu dalam pengurusan dokumenÂ² penting. Selama ini tudak ada kendala, lancarÂ² aja.",5
Sangat membantu,5
Satu akun untuk semua kebutuhan,5
",aplikasi cuma buat penipuan biar cepat habis kuwota anda, Jngn Download aplikasi ini brooo",1
Kok sekarang ngak bisa buat login wifi si kot pemkot pekok,1
Jogjakarta Joss dalam genggaman,5
CCTV ga bisa dibuka. Padahal paketan lancar jaya. Ini sih murni dari Aplikasinya,1
Lama proses aktivasinya sudah lebih dari 1 jam gk selesaiÂ² apa janganÂ² petugasnya lgi bobok atau apa?,1
"Katanya Smart sevice, tapi bagian CCTV ga bisa di akses. ğŸ™„ğŸ™„",2
"Cctv tidak bisa di play min, error cctv nya. Jadi tidak bisa memantau sikon jalan seperti apa",3
offline semua.. ğŸ¥±,1
Kenapasi kok semua cctv nya gabisa diakses. Jelek bgt kualitasnya.tolong dong pemerintah Jogja dibenerin lagi app ini buat memudahkan rakyat,1
Mohon untuk akses cctv dapat dibuka untuk agar pengguna dapat maksimal dalam menerima manfaat aplikasi ini,3
"CCTV TIDAK BISA MUNCUL SEMUAAA,RASIDO SMART",1
Gak bisa play CCTV min..udah coba ganti 5-6 titik CCTV sama semua error 'video can't be played'. Tolong segera diperbaiki min..thanks,3
Perlu perbaikan,5
WiFi kok tidak ada akses internet terus,3
"APLIKASI APA-APAAN INI BUAT CHEK PBB AJA GA BISA, MENDING GA USAH ADA APLIKASI",1
"Dari beberapa hari yang lalu mendaftar di akun JSS tapi tidak bisa masuk. Padahal dari kelurahan diarahkan untuk memakai JSS. Keterangan selalu: Nama Tidak Cocok dengan data kependudukan. Terus harus bagaimana? Kalau seperti ini namanya bukan SMART service, menyusahkan. Terus petugasnya ngapain? Mending cara jadul, sehari jadi",1
Alah ribet,1
Cctv'nya sekarang susah dibuka,5
Ah aplikasi marai emosi Lemot servernya upload gak selesaiÂ² Niat baik tp server gak baik,2
Apik tenan,5
Lambat parah,1
Cctv gak bisa terbuka....barusaja pembaharuan,3
"Bagi yang tidak bisa login maupun susah daftar atau masalah lainnya, langsung aja hubungi JSS di help desk",1
apl bsk,1
"aplikasi apaan ini,mau ganti nomor hp gak bisa.aneh",1
Sepertinya hnya bisa diakses untuk keperluan jam kantor,2
"Udah daftar disuruh aktivasi ulang. Udah kirim pesan, operator nya online tapi gak ada responnya. 3 hari ditunggu ga di acc. Niat ga sih??",1
Ada fitur CCTV tapi ga bisa dilihat,2
"Lemot bgt,padahal jaringan besar bgt--_--",2
"Cctv nya kurang rata, gabisa mantau cowoku jalan sama selingkuhannya",3
Lama prosesnya,1
"Foto profil nya eror ga bisa di ubah, jadi saya ga sengaja klik foto yang salah pas mau di ganti lagi ga bisa padahal udah ada tulisan ""foto profil anda berhasil di ubah"" dan udah saya refreshÂ² juga tetap ga bisa tolong di perbaiki",2
terimakasih atas layanan kk baru 1 hari jadi,5
Kadang nga konek,4
"Makin mantabs Aplikasi JSS sekarang, makin banyak aplikasi layanannya, makin stabil aplikasi didalamnya, serta tampilan yang makin oke punya, semangat ya temen-temen semoga aplikasi ini bermanfaat untuk masyarakat umum dan kota jogja pada khususnya.",5
"Kereeeen, sudah ada cctv nya lg.. Tambahkan inovasi2 terbaru..",5
Mantap banget bosku,5
"bosok, g guna, daftar ajah dpersulit",1
Masuk ke registrasinya lama bnget ya,3
Sangat membantu,4
gak stabil :(,1
Ra genah masa server pemerintah eror bug sperti ini... Gimana ini programer nya .? Bisa di BUG HUNTER sama Hacker kecolongan data dah,1
"Membantu, tapi sekarang jjs hotspot saya nggak bisa dipakek, diotak-atik nggak ada hasil",3
Lag WiFi,3
Good,2
Pelayanan baik,5
Siplah,5
Katanya ada PBB ternyata tidak ada,1
Login tidak bisaaaa.,1
"Aplikasi layanan cukup mempermudah,hanya saja respon petugas perlu ditingkatkan. . ..trima kasih. . ..",5
Baik,5
Kok tidak bisa dipake?,1
Sudah 4 hari daftar masih muter aja blm bisa masuk aplikasi parah jelekny,1
"Buat 4 akun Sudah 2 hari cuma muter semua belum bisa di gunakan , mohon di perbaiki apanya gitu biar proses pendaftaran ya bisa lebih cepat, kalo belum siap pakai aplikasi mending pakai WA aja dulu kaya kemarin",2
Mantap responnya,5
Sering trouble Kurang smart,1
pas mau masuk kenapa minta verifikasi trus si,3
Cara mengatasi anda belum melakukan aktivasi jss gimana,1
"Kok pas lagi mau ngeseks WiFi nya malah di suruh login padahal saya sudah login akun jss, kok jadi ke log out sendiri ya, tolong di perbaikin ya ğŸ™ğŸ™ğŸ™",2
"Berulang2 isi form, sampai mau selesai, harus ulang lagi.. ulang lagi. Aplikasi ga bermutu",1
Mantap,5
"Mau daftar kok susah bgt muter"" trs ke menu utama ğŸ˜–",2
Servernya kok down di jam kerja ğŸ˜”. Kalau maintenance knp saat hari dan jam kerja kantor. Utk mempermudah birokrasi tp knp jd menghambat dan kalau blm siap serentak manual saja dulu. Kalau begini menghambat sekali. â˜¹ï¸,2
"Akses sering error,cukup mengecewakan",2
Regrestasi lambat,1
Aplikasi gak guna sudah terdaftar tp suruh login terus aneh tolong di perbaiki,1
Sulitnya mau login... Gak jadi aja aah.... Sudah dapat WA...tapi di klik gak ada opsi apapun,1
"Minta tolong diperbaiki untuk aplikasi dan sistemnya, terutama di tahap pendaftarannya trouble sekaliğŸ˜­",3
Alhamdllh,5
sangat membantu!!!,5
"Saya daftar pelatihan, persyaratan yg saya upload sudah lengkap, tapi tidak lolos administrasi (tidak ada keterangan berkas mana yg bikin tidak lolos)",3
Tambah lelet aja,1
"Kurang terintegrasi dgn keseluruhan sub sistem, mkshğŸ™",2
Erroorr terooss. Sialllll,1
Alarm notif nya mengganggu sekali,3
"Katanya sih udah sukses pendaftaran, tp link dr whatsapp tidak stuck. Percuma dong isi data dr td tp gagal donggggg tetep kudu bikin manual kekantor. Zzzzz",2
sangat membantu,5
lambat,1
istimewa,5
Aplikasi jelek mau login pake nama sendiri masak gak bisa dah di pake orang lain katanya...,1
CAHYO,3
Pelayanan bagus,5
Sangat membantu dan aplikasi ini pekerjaan saya jadi sangat terbantu,5
Semoga bermanfaat,5
Pendaftaran vaksin gk bs di buka...cm halaman putih aja,1
Sgt bagus dan membantu,5
"Parah data gw nggak ada, tulisannya hubungi helpdesk untuk di daftar manual. Eh, helpdesk nya dihubungin malah nggak pernah respon. Nggak niat emang buat layanan. Atau emang belum siap. Sekelas Jogja kok layanan ITnya gini. Parah.",1
"Mau akses wifi gabisa. Padahal udah daftar, udah verifikasi, akun sudah jadi. Tp gabisa akses wifi Jogja.... Serasa dibohongi",2
Dipake buat lihat pajek bangunan gak bisa,1
"Tidak ada yg bisa menjelaskan, yg jawab robot, untuk saya yg sudah lansia tidak jelas, monggo diperbaiki ada cs yg bisa dihubungi",1
JSS nya sering tdk konek...ğŸ˜“ğŸ˜“ğŸ˜“,1
Gakk bisaa terusss !!!,1
Mengapa layanan buat surat pengantar di versi yg baru malah sudah tidak ada lagi daftar warga yg akan dibuatkan surat pengantar? Padahal ini sangat membantu bagi warga yg tidak punya HP Android apalagi aplikasinya. Mohon perhatian nya.,4
"Susah utk dftar pelatihan online, di wa jg yg blz gk niat slow bgt dan gk diblz..",1
Jooooz,5
"Nice, the real aplication..",5
Aplikasi koq banyak error nya,2
"Untuk pengaduan PJU dan pelayanan Disdukcapil sudah bagus, tapi sayang untuk PELATIHAN dimana ngeklik berkas selalu masuk ke kamera terus, bukan galery (padahal syarat berkas tidak boleh lebih dari 2 MB), ujungnya diminta datang langsung ke dinas terkait untuk dibantu katanya..",4
"Aplikasinya sama sekali gak ngebantu...mau login ke linknya ajha susah bener, tulisannya terjadi kesalahan terus, sama gak bisa dibuka.. Tolong apliaksi nya diperbaiki lagi, agar memudahkan masyarakat, sama saja kalau ada aplikasi jss tp tidak bisa digunakan..ujung""nya harus ke balkot jga...",2
Ok,5
Josss,5
Gak bisa loginnn woeee,1
Mudah di acces,5
"hallo min tolong di respon secepatnya perihal masalah pendaftaran vaksinasi di aplikasi jss kenapa saya tidak bisa login dan mendapatkan info vaksin di app jss padahal sebelumnya bisa tolong perbaikannya dan saya belum mendapatkan dosis2 vaksin moderna, tolong bantuannya segera, terimakasih",1
"Aplikasi dibuka blank, apa dalam perbaikan?",2
Asn pengguna JSS,5
Good service,5
Gk bisa di gunakan mhin di tingkatkan,1
"Pernah daftar, mau masuk lagi lupa password, ngga ada bantuan apa gtu biar masuk lagi, susahnyaaa",2
Bagus sip bingit....,5
Sangat membantu saat pandemi seperti sekarang.. tks,5
"Aplikasi jelek, lemot",1
"aplikasi rusak..sebagai warga jogja kecewa sih,niat pngen lewat online tp mlah aplikasi.nya eror gini..ujung""nya harus ke balkot urus manual",1
Mudah di operasikan,5
Bagus banget,5
Gimana cara Promosi jualan ke DODOLAN ko susah bgt lemot,1
praktis banget,5
Bagus dan bermanfaat,5
Aplikasi kurang sempurna,1
ğŸ˜,5
Mantap sekali coy ğŸ‘ğŸ™ğŸ‘,5
Susah aplikasinya.. Ngurus Apa apa harus online kasian untuk orang2 yang gapunya hp.. Saya datang ke capil disuruh download apl ini bukanya dipermudah malah dipersulit.. Dari 3 hr lalu gabisa dibuka tiap tabnya selalu warna putih.. Tolong untuk pegawai pemerintah mohon dengan sangat jangan dipersulit..,1
"Saya belum pernah vaksin, bagaimana caranya",5
Siip update selalu.. cari bug nya biar jossss,5
Bagus,5
Sudah lebih baik,3
Nunggu lama tau2 ditolak permohonannya. Padahal syarat sudah lengkap,5
"teruntuk developer apk JSS Apk y uda gud,tampilan y ok simpel mudah d mengerti. E tapi Fungsional apk sangat kurang 1.Isi formulir malah di alihkan ke browser 2.Nomor Pengaduan yg tertera no respon",1
Memudahkan daLam penguRusan suRat2,5
Kalau mengurus surat Cerai mati apakah harus pakai surat kematian karena meninggalnya di Jakarta bersama Istri barunya,5
"Bagus semakin baik pelayanan,istimewa jogja kota",5
Baik,5
ğŸ‘,5
"Sejauh ini baik. Tp barusan sy coba utk daftar antrian puskesmas, mau upload foto data diri, lgsg close sendiri app nya. Knp ya? Tolong dong..",4
"mas, kok sok njepat dewe. dadak dudul meneh. sing pinisepuh hpne wis jadul2 je.. yen bisa digawe luwih entheng nggih. nuwun",4
Tidak membantu sama sekali....payah,1
Pelayanan yang berbelit belit dan plinplan....,1
Mau update malah mandek ditengah jalan alhasil macet,3
TopğŸ‘,5
"Memotong mata rantai birokrasi yang berbelit-belit. Jos gandos, mantap jiwa.",5
Membalas pesan Membuat pengaduan Hampir semua tidak bisa diakses dengan keterangan hanya untuk warga kota jogjakarta.. Padahal dengan jelas data yg saya punya untuk mendaftar juga ktp kota jogja.. Mohon diperbaiki,1
Ya baik,5
"Sangat Membantu ,, Bagus SekaliğŸ˜€",5
Good,5
"Mosok warga luar kota jogja, ndak bisa mendaftarkan ortu yang tinggal di kota mau periksa di puskesmas kota",1
Apik neh Nek hp jadul Yo iso lancar. Mesakke para pinisepuh sing hp ne kalah karo anak putune,4
Mantap,5
Aplikasi yang sebenarnya bagus dan bermanfaat. Sayangnya tidak ada panduan untuk pengguna baru.. Pernah saya membuat aduan lewat aplikasi jss dan baru pertama kali membuat aduan. Setelah seharian saya tunggu tunggu kok aduan saya tidak tampil ke publik. Ternyata aduan saya dirahasiakan. Mohon untuk semua aduan itu ditampilkan ke publik tidak ada opsi dirahasiakan. Saya percaya pemangku pemangku di kota yogyakarta ini orang orang yg bijaksana. Jadi transparan aja tidak perlu dirahasiakan.,3
Diinstal susah banget..bolak balik ke menu..setelah terinstal aplikasinya tidak muncul di layar hp,3
"Mejadi Keira RT, 13/04 sidomulyo never regal rejoice yogyakarta",5
"Cara ganti RT RW di data pribadi di profil begimana ?? Gak bisa di klik ,gak bisa diganti ,,",2
"Aplikasi ini sangat bermanfaat, akan tetapi ketika saya akan mengklik layanan dukcapil terkhusus pembuatan akta tidak bisa diklik atau tidak tersambung ke webnya... Entah hape saya yang bermasalah atau bagaimana? Mohon pencerahannya.",5
"Saya sangat senang dgn aplikasi ini. Saya sdh merasakan manfaatnya. Berharap seluruh kota d Indonesia punya aplikasi seperti ini yg bisa mengatasi pungli. O iya, selama ngurus surat d Kota Jogja, saya tdk pernah temui pungli. Sangat puassss...ğŸ™ğŸ™",5
"Layanan daftar online, tapi jam kerja cuma sampai jam 12.00, selebihnya ditolak. Nek males, golek penak, rasah kerjo sisan wae mas. Turu wae ning omah penak.",1
Bagus,5
"Kenapa pas permohonan ektp buat yg domisili ktp luar jogja tdk bsa sya cmn mau nunut Cetak ulang krna ktp sya rusak dn itu ktny tdk bsa hrus di tmpt kta tinggl sehrus ny bsa lhoo mnrut pak zudan tp dilapangan nyatanya diputar""",1
Sangat membantu informasi ter apdet.,5
Semoga bermanfaat,5
Semoga bermanfaat,5
Banyak sistem yang belum bisa di akses.. Padahal sangat membantu,5
"Aplikasinya bagus tapi, Kurang memuaskan karna akses layanan sy ditolak padahal saya sudah menjadi warga Jogja. Walaupun saya hanya warga pendatang. Tetapi saya sudah mencabut berkas dari daerah asal dan seluruhnya menjadi warga Jogja. Akses Layanan Akte kelahiran juga susah, padahal saya adalah ibu kandung masa harus lampiran surat kuasa. Tolong upgrate lagi Aplikasinya agar lebih baik lagi. Trima kasih",3
Ok,5
Sangat bermanfaat dan membantu.,5
"Mengurus kepindahan KTP saja dipersulit dan diarahkan aplikasi yg sepertinya tidak siap, niate online malah ora efektif",1
Ok ok ok ok,5
"Aplikasinya sangat bermanfaat, tapi sayangnya sampai detik ini msh ada beberapa menu yang tidak berfungsi padahal sebelumnya berfungsi seperti menu Kependudukan dan catatan sipil dan pendaftaran vaksin. Minta tolong utk diperbaiki. Terimakasih",5
pengaduan selalu di respon,5
"Aplikasinya bagus banget,,saya KTP luar jogja bisa vaksin di RSUD wirosaban, petugasnya ramah-ramah semua, rumah sakitnya Bersih dan Nyaman..terimakasih",5
Aplikasi rusak,1
"Saya sdh wa utk perubahan C1 sdh seminggu perubahan nya blm jg dikirim baik lewat wa atau email, saya komplain lewat wa yg sama ttp tdk ad respon. Terpaksa saya dftar lg utk perubahan ktp dan c1 lg.... lwat fitur jss pun jg akhirnya wa lg dan wa lg ... seperti muter2 saja.",1
Ok,5
"PELAYANAN DAN INFORMASI YANG BERBELIT MENYUSAHKAN WARGA. APALAGI URUSAN VAKSIN.. INFONYA KURANG JELAS DAN KURANG TRANSPARAN. JADWAL VAKSIN SMS SUDAH DITEPATI MALAH DISURUH PULANG SAMA PETUGAS ALASANNYA JADWAL VAKSIN DIUNDUR, TANPA INFO SEBELUMNYA. PELAYANAN KARYAWAN NEGARA DARI DULU MEMANG KURANG PROFESIONAL. MESAKNE PAK JOKO, BAWAHANE KOYO TELO",1
Baik,5
"Lambat, pake kuota maupun wifi",5
"Pelayanan KTP tdk bisa di klik, layanan WA tdk ada respon, Tanya ke Balai Kota diarahkan lagi ke Jss... Padahal Aplikasinya selalu error",1
"Aplikasi membantu sekali..hanya kurang opsi perbaikan jika ada syarat yg kurang.....namun petugas juga tidak lengkap jika ada kekurangan berkas permohonan. Saya sampai submit permohonan 3x karena kekurangan berkas yg tidak sekalian ditulis di catatan,",4
Lumayan ? ? ?,1
Bintang 3 Dulu.. Kok gk bs Daftar Vaksin ya?? Katanya bs dipake tgl 10 Juli.. Ini dh tgl 04 Oktober.. Gimana cara nya??,3
Oke,5
Warga Jogja dikasih vaksin yg biasa (sinovac) warga non jogja malah di kasih vaksin yg bagus (moderna). Sangat memihak ğŸ‘ğŸ‘ğŸ‘,2
"Daftar vaksin disini berasa ditipu. Ditulisnya Astrazenica, sampai lokasi malah dikasih coronavac",1
Ok,5
"Saya langsung beri bintang 5 tanpa basa basi, dari awal proses instalasi aplikasi, pengajuan permohonan, sampai pengambilan dokumen yang sudah jadi berjalan lancar tanpa kendala, permohonan perubahan KK secara online lsg jadi kurang dari sehari dengan pencetakan mandiri,permohonan KTP perubahan lsg jadi kurang dari setengah hari dan lsg bisa diambil ke loket mall pelayanan publik di balaikota Timoho..ada baiknya sebelum mengajukan permohonan yg diinginkan dpt disiapkan dokumenÂ² pendukung.",5
Bagus sekali,5
BELUM PROFESIONAL,1
ra mutu,1
Layanan WA HelpDesk tidak ada respon dan Tidak ada manfaatnya mencantumkan nomor WA kalau tidak ada jawaban.,1
Ikutan rating jelek aja,1
Agak susah sinyalnya,3
Fake,1
Ribet.enak langsung datang ke kecamata selesai,1
Aplikasi apaan sih ya. Mau daftar vaksin susah. Diberinpetunjuk WA tp tdk direspon ğŸ˜‚ğŸ˜‚,1
Nice,5
KENAPA SAAT AKU MAU MASUK KE APK KADANG KADANG GAK BISA . TOLONG DI PERBAIKI YA,2
Bagus,5
Mohon maaf ini kenapa aplikasi nya tidak bisa digunakan ya? Saya pencet apapun yg ada di menu tidak bisa. Mohon bantuannya.,2
BagusğŸ‘ğŸ‘ğŸ‘ğŸ‘ğŸ‘ğŸ‘ğŸ‘,5
Kok ga bisa didownload yaa????,1
Aplikasinya menurut ku simpel dan pendaftarn tgl ikuti arahan ..pas sampe lokasi lgs gercep..g sample setengah jam lgs dpt giliran,5
Jss memang oke,5
Di klik go bisa2,1
Mantap,5
"Kl blm siap dgn sistem online, mending g usah aja.. jujur ini malah lbh lama dan menyulitkan proses nya.. bukannya Simple or praktis tp mlh ribet.. hrs d wa dl petugasnya.. ujungnya suruh isi ulang.. dah lah.. dasar negara berflower.. birokrasi nya emg g bs berubah.. harusnya sih bintang 0 saja.. serius.. ini blibet bgt.. g guna layanan aplikasi onlen ini.. dua bulan coyy ngurusnya.. makan ati.. mending makan ati asli.. ini gawe dongkol",1
"Tolong untuk info pendaftaran vaksin diberi keterangan DOSIS KE BERAPA, agar tidak bingung, TERIMAKASIH",4
"Aplikasi kurang protektif untuk pengguna.... 1. Mau masuk daftar login no nik / usser name angka yg sesuai identitas sya kok bisa sudah dipakai orang lain,, seolah data pribadi kita bisa diliat di aplikasi ini 2. Sya yg asli malah gak bisa daftar karena dipakai pengguna lain, disuruh masukan nik yg lain, tpi malah muncul identitas oramg lain lagi, hadeuhhhh",1
Bintang 3 dlu soalnya pernah daftar bikin surat kematian gak ada notifnya. Semoga yang ini bisa kalau bisa tak kasih bintang 5. Segera direspon gih soalnya kami kaum awam masihh bingung blong koplong,3
Sangat membantu masyarakat ğŸ‘ğŸ½,5
Mau daftar dan login aja susah nya minta ampun!,1
"Aplikasi bagus, tapi tolong dibuat lebih simple, niatnya mau canggih tapi malah bikin emosi masal. Karena gak semua orang mudah memahami aplikai ini. Buat it nya selamat kerja keras, kalau tidak sanggup silahkan mundur biar diganti yang lain yang lebih siap.",1
Bagus,4
"MANTAP,semua pelayanan bisa jadi satu aplikasi ğŸ‘",5
"Provinsi dengan UMR kecil di Indonesia ,urusan birokrasi harus pakai aplikasi,tapi aplikasi nya bobrok, register lama,sudah register gk bisa login,,,lebih bagus dan cepat aplikasi pinjol.... mendingan dana bikin pager alun-alun buat gaji IT yg bisa bikin aplikasi bagus dan mudah buat rakyat dan mudah di gunakan, untuk yang muda aja susah memakai nya,gmn orang tua yang sepuh2...",1
"Ini sangat tidak evektif sekali, bahkan membuat masarakatnya bolak balik, sistem, terlalu riber, saya pikir bisa memangkas waktu dan memudahkan semua urusan yg bersangkutan dengan data diri. Ternyata tidak membantu sama sekali.",1
Mau ngurus surat kematian buat orangtua aja dipersulit sebenernya ni app bisa digunain gk si masa gagal muluk udh pake wifi jg gagal admin wa dichat jg kerjaannya nge read doang sebenernya pd kerja gk karyawannya digaji cuman buat bisu?,1
Scan eror. Abis di scan lgsung freeze,4
"Rasah gawe aplikasi !!!!! Kemaren disuruh kelurahan KTP gnti stts suruh wa sesuai templekan neng nduwur ,udh wa smpe hrus klik link ikt antri udh dtggu jawabane trnyta ZONK ,owlah suruh lwt aplikasi ini !!!!!,dlu aja lwt wa lebih enak kenapa lwt aplikasi ,aplikasinya aja jelek bgt !!!!! Cri vaksin aja gak prnh dpt akhire lwt RT ,sistem bobrok skali gais !!!",5
"pelayanan khusus warga jogja KOTA saja.. beda deskripsi sama di w.a (helpdesk) tertera ""melayani vaksinasi luar kota"" padahal saya hanya beda kabupaten saja",1
"Semua diarahkan ke aplikasi , sedangkan aplikasi belum siap , saya daftar vaksin tidak ada pemberitahuan sms, ada pemberitahuan lewat aplikasi tapi di sore hari hari , padahal vaksinnya siang , trus untuk penjadwalan ulang vaksin kapan ? Diaplikasi untuk pembatalan tiket vaksin aja tidak ada respon sudah ada 1 minggu. Trus saya jadi tidak bisa ikut vaksin di lain tempat , tolong ini min direspon",1
Gak bisa daftar akun kok minta update. Susah banget daftar akun. Padahal penting banget. Ya weslah...,1
"Gak pernah bisa masuk, pusing sampek an .. ini sebenarnya bisa di pake gak sih???",1
"Bagian ""pendaftaran vaksin"" memang tdk bs diklik kah?",2
"applikasi percuma sebagai apa cuman di lempar lempar kan ke link lain , data masih belum akurat",1
Saya mau daftar vaksin kok Gk bisa tlg dibantu...,1
Good,5
Jss Jos tenin,5
Sangat terbantu saat pendaftaran vaksinasi covid19,5
Jss dangat mendukung nagi warga jogja untuk mengetahui informadi seputar kota,5
Ok banget warga jadi tahu info nya,5
"Kenapa saya pakai Aplikasi di android redmi note 10 pro tp utk fitur pendaftaran vaksinasi tidak bisa saya akses, tp kalau masuk dr smartphone yang lain bisa",1
Pelayanan sangat baik,5
Gila parah bgt daftar buat ngurus perubahan data aja lama bgt dah dicoba sampek berkali kali tetep aja gak bisa padahal udah pake wifi sampe 2hari parah bgt sampek dateng ke balkot juga ttep gak bsa harus pake jss astagaa gak kelar2 urusan,1
Kok jadi susah ya,1
Ealah,1
Sangat bermanfaat,5
"App OP bangat , selalu gak bisa di pakeğŸ‰",2
Sudah memakai jaringan yang cepat pun pemuatan aplikasi masih sangat lambat. Tolong diperbaiki,2
Fitur pendaftarqn vaksinnya gak bisa diklik... udah dicek secara berkala juga tetep gak bisa.. atau memang untuk ktp luar jogja gak bisa daftar vaksin lewat aplikasi ini ???,1
Ok,5
Kurang bagus...,2
Pendaftaran vaksin tutup trs......,1
"Ngurus akta kematian dipersulit... Datang langsung ke dukcapil, disuruh daftar dulu lewat jss.. ini maunya gimana? Sedangkan jss sendiri banyak masalah... Bayar yg banyak gih buat developer nya.. biar kerjanya bener.",1
apa ini ? buang2 kuota internet,1
"mau daftar vaksin buat adik saya di aplikasi jss udah login udah klik tombok vaksinasi suruh daftar lewat wa,nah udah di wa malah di suruh daftar lewat aplikasi jss lagi.buka aplikasi jss juga sering eror eror terus njok masyarakat kon kepiye?saya sebagai warga sangat kecewa dengan aplikasi jss bukannya mempermudah masyarakat melainkan malah mempersulit.mohon lebih di perbaiki lagi.sekian kritikan dari saya semoga di lihat di dengarkan dan di laksanakan untuk perbaikan aplikasinya.Matur SuwunğŸ™",1
Aneh,1
"Aplikasi Bagus, mungkin bisa cari penyedia layanan hosting yang lebih baik dan ternama agar tidak terjadi down ketika banyak user yang akses",3
"Aplikasi yang bukan aplikasi, melainkan shortcut menuju web adress yang diarahkan melalui browser.",1
"Aku gak instal dulu, soalnya dr reviewnya aja aplikasi ini belum beres",1
Terimakasih,5
Tjakep,5
"Lek tulong, daftar baru trus udah dapet link tp bar di klik loading terus""an, gaiso login njuk nek arep ngurus opo"" kudu login. Njuk aku nginstal iki gunane kur ngebaki memori?",2
ğŸ‘ŒğŸ‘ŒğŸ‘ŒğŸ‘ŒğŸ‘ŒğŸ‘Œ,5
Sering trouble,1
Oh iya ternyata ada info untuk lokasi vaksinasi plus ada fitur untuk daftar dan boking. Aku kurang informasi ğŸ˜…,4
Penanganan cepat tapi tingkatkan lagi biar lebih baik,5
Kode aktivasi ga dikssih2 ki piye to?,4
Aplikasinya bagus dan bermanfaat banget..semoga Kang Admin sehat selalu.,5
Prek apl eror eror buat aplikasi yang bener nunggu kelamaan as buh. Gimama Indonesia dan jogja mau maju jika seperti ini,1
"Untuk mengurus akta kematian saja, ribetnya minta ampun... Diulang berapa kalipun tetap ujung-ujungnya gagal",2
Mantap aplikasi dan pelayanannya...saya rubah data ktp satu hari kerja selesai dan esok hari tinggal ambil ktp di mall pelayanan publik timoho..mantap pokoke,5
Kecewa banget. Error apa gimana gatau...pas klik pendaftaran vaksin (sebelum daftar) bisa trs kalau mau masuk harus punya akun dulu. Pas udah daftar akun gabisa di klik dong...kesel banget...kukira ngaruh sama jam mulai pukul 8 ternyata sama aja,1
Percuma.. tdk bisa dipakai.. selalu error.. dihubungi ke no helpdesk(WA) tdk ada respon.. dibacapun nggak.. jogja mmg istimewa??? Auto delete..,1
Rasis sekali vaksin kebanyakan nik JOGJA tidak adil buat pendatang KALIAN TIDAK ADA WARGA PENDATANG WISATA & PENDIDIKAN KALIAN TIDAK AKAN BERKEMBANG INGAT!,1
Jos,5
Coba dululah...,3
"Aplikasi bagus, sangat membantu",5
Udah download mau login aja susah banget... aplikasi ga guna..,1
"Lemot parah , mau daftar vaksin sulit.",1
Sama sekali tdk mmbntu..,1
Mantab,5
Susah login pendaftaran vaksin,1
Bisa membantu kalau ada kerusakan,5
"mantab dech,, sangat membantu",5
"Sama sekali tidak ada manfaat,kemudahan dan ke simple an, malah bikin ruwet,mau daftar vaksin aja ruwetnya ampuuun..gak pernah di update. Perbaiki dulu dan bener2 profesional kalau mau bikin aplikasi. Maaf bintang 1 aja deh",1
Good programs ...,4
Saya Jafar Nurrohman tunanetra dari Jogja Mohon maaf untuk Jogja Smart Service untuk tunanetra sangat tidak membantu karena banyak sekali fitur-fitur yang tidak di bisa dibuka oleh layanan t a l k b a c k demikian harap dijadikan Pirsa dan Mohon untuk diperbaiki dan disempurnakan kembali,1
"Aplikasi yg sangat membantu dan memudahkan masyarakat untuk urusan"" Penting",5
"Dan pada intinya untuk pengurusan surat di kelurahan/kecamatan tetep menggunakan surat fisik yg akhirnya 2x kerja. Klo memang kepengurusan surat menyurat tidak bisa pake aplikasi ataupun aplikasi belum bisa bekerja secara maksimal tolong di jelaskan detail untuk yg sudah terlaksana atau belum terlaksana itu pengurusan surat apa saja agar ""JELAS"". Biar tidak bikin rancu 2x kerja, jelaskan juga syarat syarat yg harus di upload di aplikasi apa saja itu baru smart service.",1
"Wah gila sih, ga sampe sehari ganti ktp rusak ga pake ribet urus lewat apps tinggal ambil ğŸ‘ğŸ‘",5
Aplikasi RIBET!!!!Urusan gampang malah dadi rumit...ganti wae wong2an e,1
Baik,5
Gabisa umum,2
Sangat terbantu sekali oleh aplikasi JSS,5
Sangat bermanfaat bagi masyarakat,5
Bagus,5
"Ngurus ktp sejak tanggal 24 juni sampai tanggal 7 juli belu jadi proses ribet sekali ,, bikin ribet malah bikin lama prosesnya",1
Oke,5
",, yg j",5
"Hebat sekali pelayanan publik dukcapil kota jogja!!! Untuk penggantian KTP rusak melalui JSS dibutuhkan waktu 3 hari lebih, benar benar MAKAN GAJI BUTA. sekedar perbandingan saja penggantian KTP rusak di drivetrue dibutuhkan waktu 10 menit. Lewat aplikasi JSS dibutukan waktu 6X24 jam. Memang yang dilayani bukan hanya saya tapi apa juga selama itu juga proses pengajuan saya???!!!!",1
"Saya hendak mengajukan Pembuatan Kartu Pencari Kerja, tetapi setelah selesai mengisi biodata saya dan akan melanjutkan pengisian pendidikan formal namun masih terkunci dan tidak bisa dibuka sama sekali dengan kondisi tombol masih merah belum hijau.",5
Bagus & informatif,5
Kok presensi hilang jeh,5
Gagal trs di proses akhirnya .sulit bgt,3
"Mau update data perkawinan ya Allah ampe dari bulan lalu dicoba trus g bisa , masukin foto kk dll g bisa ğŸ˜£ pusing aing",1
Tak Perlu Ragu Jadi Profesional & Jangan lupa bahagia hari ini...,5
Saya ingin buka jogja smart service dengan cepat,5
Susah masuk,5
"Mental terus ke beranda, nganti kesel sik ngetik mbolan baleni terus",1
"Aplikasi tujuannya mempermudah petugas kerja bukan mempermudah masyarakat,di masyarakat tersebar ngurus ktp rusak mudah,dengan lewat drivthru aja bares,tp bukanya drivthru itu tidak turun dari kendaraan to,tapi kenapa harus lewat aplikasi JSS???????ğŸ¤”ğŸ¤”ğŸ¤”ğŸ¤”ğŸ¤”ğŸ¤”ğŸ¤”ğŸ¤”",1
Daftar aja lemotğŸ˜¡ğŸ˜¡ğŸ˜¡,1
"Parah,gagal terus di akhir proses",1
Aplikasi belum maksimal,1
"update jss versi 3.0.123 terbaru wifi free hotspot tidak berfungsi d imanapun ,tolong diperbaiki",1
Pelayanan tidak memuaskan malah makin lama,1
"mau registrasi aja lama,dari pagi sampe siang masih aja dlm proses",3
"Ini mau daftar KTP malah nge direct ke website, tapi di website diarahkan lagi untuk daftar via aplikasi... Mubeng2 jal",1
Gimana cara login WiFi free hospotnya?,4
"Harusnya online itu mempercepat,mempermudah bukan malah memperlambat.. saya rasa lebih cepar manual nyiapin berkas ambil nomer antrian di serahkan dah selesai.",1
oke punya,5
Bagus,5
Setelah diupgrade malah tidak bisa dibuka...hapus saja tidak bermanfaat menghabiskan kouta sajağŸ˜¬ğŸ˜¬,1
Ini kok fitur nya membingung kan ya ... Loading nya lama bgt trs kurang jelas juga ..,2
Masih bagus sama aplikasi sebelumnya. Diupdate malah makin eror..,1
Membantu masyarakat dalam layanan kependudukan dll,5
Bagus,5
Ok,4
Payah... Setelah diupdate malah nge lef terus,1
"Tolong dong dibikin widget buat presensi online nya, biar langsung dapat diakses di home screen. dan satu lagi tampilan home nya jangan berat2, hp kentang jadi lemot makasih... #karyawanpemkot",2
"Update aplikasi terbaru malah susah untuk digunakanpelaporan pajak parkir, cetak kode bayar tidak bisa berjalan.",2
Aplikasi satu untuk semua,5
Semoga kota Jogja semakin maju,5
Makasih banyak,5
"Update terbaru (2 juni 21), aplikasi lemot, daftar antrian puskesmas mental ke halaman beranda saat upload bpjs. Mohon di benahi. Maturnuwun",1
terlalu lamban,1
Bagus,5
"Kini, semua bisa dalam genggaman. Maju terus kota Jogja â¤",4
Jos,5
memudahkan urusan,4
Bagus dan sangat membantu.. Sejauh ini belum ada kendala dalam pengguan aplikasi :),5
Aplikasi ini sangat membantu,5
App yg informative dan membantu warga Jogja.,5
Gmn si ni apl tiap login ke wifi gk bisaaa,3
aplikasi marai mumet... meng arep ndelok nomor kk we mubeng minger...,5
Aplikasi yg memberikn Pelyanan kpd Pegawai & masy kota yk,4
Gak bisa login,1
Semog lancar apa yang saya harapkan,5
Mantul,5
brsan update..... cm untuk edit akun profil..ko blm bisa...mohon dilengkapi,4
Membantu,5
Bagus,5
Bagus perlu pengembangan kemudahan update,5
Sangat membantu dan memudahkan warga jogja untuk menikmati fasilitas serta pelayanan dari pemerintah jogja. Trimakasih,5
"iki piye tho dab .,, arep mlebu di jaluki nomer NIK,trus omonge nomer NIK durung kedaftar,,pas daftar nganggo nomer NIK omonge nomer NIK sudah terdaftar., Diwolak walik tetep ra dadi Bagus,, tapi tidak bisa mendaftar,, setiap kali mengisi form pendaftaran dengan nomer NIK sampai selesai, selalu ada pemberitahuan kalo sudah daftar,, tapi kalo masuk langsung dengan no NIK pemberitahuannya bahwa nomer anda sudah terdaftar,, padahal saat pendaftaran selalu gagal,, Aplikasi ne iseh uji coba po yo?",5
Bagus sekali,5
Menarik,5
Mantap...!!!,5
Mantap,5
Sangat mendukung pejerjaan,5
sangat membantu,5
Sangat bermanfaat,5
"Gimana ini aplikasi buat laporan tdk bisa, lebih simpel yg dulu buat laporan gampang mohon diperbaiki",3
Bermanfaat,5
Kenapa free hotspot skrg gabisa login,1
"Menu laporan saya tidak berfungsi ,tidak ada data muncul",5
Wait,5
Istimewa,5
Ok sipp,5
Josss...mantap aplikasinya sangat bermanfaat,5
TRASHHHHHHHHHHH,1
Jos sangat membantu,5
Sangat membantu untuk masyarakat,5
Jozzzzz...,5
Bagus,5
Sangat Dibutuhkan Warga Yogyakarta,5
Layanan masyarakat,3
Memuaskan,5
Sangat membantu masyarakat jogja,5
"Unggah foto ktp buat pendaftaran kartu kuning kok ga bisa i piye? Mohon dijawab, terima kasih",4
sangat mudah,5
Jossss,5
Bgus,5
Love it,5
Bagus,5
Good,5
aplikasi nya kurang bagus karena tidak bisa pakai wifi,1
"3 dulu y, soalnya pengen cari WiFi yg terhubung selalu miss atau di Maps ad, di tempatnya g ada",3
Keren...,5
Telah memperlancar komunikasi,5
Mantul alias mantap betul,5
Top bgt,5
Mantapp,5
"Keren, ringan di HP lawas juga fungsinya yg luar biasa. Bbrp kali mau daftar RS Pratama error pdhl nunggu lewat jam 00 agar kebagian, tapi setelah dicoba secara berkala lalu bisa. Goodluck untuk depelopnya, sehat terus untuk kita semua. Semoga ga error2 lagi. Trims",5
Ok,5
keren dan sangat membantu,5
sangat membantu. usefulllll,5
Api tenan,5
Bagus,5
Sering error untk absen pegawai,2
Kenapa eror ya,5
Sangat bagus,5
Jogja memang istimewa,5
Bagusss sih bisa utk acuan,3
Maaf ini layanan antrian rs pratama kok tidak bisa diakses ya?,4
"Hilang nomor sama hilang email susah ngurusnya,,ga bisa buat masuk lgi..parahhhhhhh",1
"untuk aplikasinya bagus tapi tolong di tambahkan beberapa stasiun tv misalnya adi tv, jogja tv, kresna tv dan stasiun televisi yg ada di diy.",5
Aplikasi yang sangat membantu kami warga kota Yogyakarta...ğŸ‘ğŸ‘,5
Ok,5
Luar biasa,5
Mantappp bagus,5
Bagus,5
good,5
Ok,5
Mau daftar trs mau login tp kk susah gk bisa2 padahal data sudah sesuai Kartu Identitas,2
top,5
"Pegawainya ramah""",5
Sangat lengkap dan mudah digunakan,5
Semakin maju jogjaku,5
"Untuk bisa tersambung WiFi, apakah harus menginstal aplikasi Jss ?",5
Sangat membantu. Thanks JSS,5
susah nggak seperti yg di gembar gemborkan...,1
menghemat waktu pada saat akan imunisasi,4
jos,5
Bagus,5
mantab,5
Nggak bisa diinstal di hp saya,1
"Saya baru daftar pada jss, sehingga belum mengetahui dan manfaat jss",3
Cepat tertangani,4
"Saya dan bapak saya tdk bisa login,gara gara dulu pernah login terus kehapus sekarang mau login ga bisa lagi, giamana cara nya biar bisa login lagi tolong",4
Luar biasa,5
Pdam,5
Bici,5
Bisa bikin akte kelahiran? Masukin anak ke kk? Tanpa surat pengantar rt rw?,5
Ok,5
Sempurna,5
sangat membantu,5
Sangat baik pelayanannya,4
Susah di download,5
Bagus,5
Masa pasport salah terus..gak jelas aplikasi ini,1
Yogya yes,5
Mantap,5
Sangat membantu warga Jogja,5
Pada saat sy aktivasi pertama kali terdapat kesalahan ketik utk NIK sehingga sy dinyatakan sebagai penduduk luar kota Yogyakarta. Harusnya 3471xxx tp kebalik 3741xxx. Untuk pembetulan NIK ini bagaimana caranya? Tanpa harus ganti email dan No HP. Terima kasih,3
Istimewa,5
aplikasi jelek loding terus,1
Tul,3
Cukup bagus,4
sangat membantu,5
Good app ...ğŸ‘ğŸ‘,5
Bagus u infonya,5
Bangga,5
Bermanfaat,5
Info kurang banyak dari pemerintah daerah yg bisa dibaca warga,5
Ada fitur menarik di dalamnya,5
Sangat membantu,5
Bagus,1
Mantab,5
Masuk susah terlalu rumit sudah bikin akun usser sama password sudah bener tetep aja salah kecewa,1
Sering update terus tp sama aja masih sering lemot bikin penyimpanan banyak lagi. Tolong diperbaiki,2
"Saya bukan pegawai, tp disuruh update JSS",1
Baik,5
"Belum bisa menggunakan jss ,carane",1
Good,5
Kami membutuhkan info masuk PTN dan PTS,5
Mau bikin laporan gangguan pdam gak bisa2.,1
Bagus,5
Bagus,5
Top,5
"Saya sering mengalami troubel saat memasukan e-kinerja , proses loadingnya lama bahkan tdk bisa trbuka dan sdh dicoba ganti2 jaringan. Padahal sebagai pegawai sudah memenuhi tanggung jawab kinerja yg bahkan sering melewati batas jam kerja, hanya karena harus mengisi laporan lagi kenapa malah sering terjadi eror pada aplikasi ini, tolong diperbaiki dan dilakukan pengecekan BUG secara berkala. Terimakasih.",1
Semoga bisa lebih efektif lagi demi kemajuan bersama,5
Semoga aplikasi JSS bisa beeguna& bermanfaat utk warga negara indonesia terutama warga jogja Semoga Terus dikembangkan & ditinggkatkan aplikasi ini,4
Maaf sebelumnya...tolong untuk pegawai yg ikut jam kerja shift terutama masuk sore untuk jam kepulangan diberi jeda/spaleng waktu untuk absen dan tolong mengenai jadwal kami yang sering trouble dan tidak dapat melakukan absen...mohon untuk dibenahi lg karna kami sebagai pegawai yg dirugikan padahal kami sudah melakukan kewajiban kami untuk memenuhi jam kerja,1
Perlu peningkatan,4
Sering bermasalah dan tanda jari tdk muncul shg pegawai gagal finger dan kena potongan TPP,1
Sangat membantu,5
baik,5
Bagus kok,1
Bagus,4
Sangat membantu,5
"Tolong presensi online di mas test dulu, sebelum di launch, terimakasih",1
Sangat membantu,4
Sering ada masalah di absen online,1
Belum bisa akses jss,1
Sering eroorrr,1
Bagus,4
"Dikembangkan lagi ,sukses",5
Jogja top,5
Cepat memberi tanggapan,5
Sangat bermanfaat untuk update kondisi situasi di DIY,4
Lumayan membantu,5
Mantap,5
Apik,5
Tidak aktif,4
Mempermudah birokrasi,5
Sippppppppppp,5
Bermanfaat,5
"Bagus, sangat membantu sekali....mantappp",5
Sangat membatu bagi warga jogya,3
Bauk,3
Mantap,5
Apik,5
Baik,4
Aplikasi yang baik untuk memudahkan administrasi warga Kota Yogyakarta dengan Pemerintah Kota Yogyakarta.,5
Bagus,3
Ok,5
Sangat membantu dan kewajiban kulo,5
Lambat sering error,2
Agak lemot,2
Baik,5
Sekarang sering eror mau absen harus updet terus dari kemarin,3
Mantab,5
Sangat membantu,5
Good,5
Presensi lebih pagi lebih lancar,5
Mantabs,5
Saya menulis ini.. Masih muyer muyer gak mau di download...,5
Respon lambat msh banyak troubel,1
Haryanti,5
Baik,5
Sering gag konek harus sering meng install ulang.,1
Aplikasi gak stabil Lelet,1
Okay,3
Bagus,5
JSS..HEBAT..YESS,5
Ok...,5
good,5
Good,4
Pkay,3
siipp,5
Aplikasi untuk semua,5
bagus,5
"Terima kasih Pemkot Yogyakarta, JSS sangat membantu sekali. Sukses",5
aplikasi presensi online kurang merakyat,1
Tri Krismilah,1
Sangat membantu warga yg ingin mengurus atau mengetahui banyak hal tentang kota Yogyakarta,5
Aplikasi yang sangat keren,5
Jos,5
Good,5
Mempermudah aktivitas pekerjaan,5
Mantap,5
Saya kesulitan untuk melakukan presensi,5
mohon di Bantu Versi Terbaru tidak bisa digunakan presensi,5
Lancar,5
Bagus,5
Sangat mendukung,5
Ok,5
Untuk bisa lebih ditingkatkan kualitas layanannya..terutama masalah jaminan konektivitas....masih sering bermasalah..,4
Ok,5
Baik,3
bagus d jln agak sepi bisa lancar samp 7 an,5
Siiip,3
Ok,5
Bagus,5
Sangat membantu warga jogja,4
Presensi berjalan krg lancar krn sering terganggu,3
Sangat bagus memudahkan mengakses,4
Sangat membantu,3
Mantapp..!!,5
Luar biasa semoga plot Jogja tetap yes....,4
Lancar oke,4
Keren aplikasinya,5
Keren kerja cepat dan tepat,5
tobat aplikasine marai mumet,5
saya tidak bisa login padahal udah daftar. gimna ini?,1
sangat sangat membantu,5
Ok,5
Ok,5
Top,5
Stop working di tablet Lenovo saya,1
Mantap,5
Ok,5
Ok,4
Aplikasinya Apik Tenan,5
Pasien pemula,5
Kok habis up date aplikasi ini.trus ga nyambung ada notifkasi aplikasi terhenti tunggu laporan,5
Jempoooooooollllll,5
pelayanannya mantab langsung jadi ğŸ‘,5
Luar biasa,4
Sangat bagus,5
Multi fungsi,5
Jos,5
Aplikasi nya ok,5
Jossss,5
Selalu tingkatkan layanan ke masyarakat dgn cara yang lebih simple dan mudah. Mtr nwn,5
Sip lah,5
Mohon maaf jika sdh di uodate muncul versi 076 namun tidak keluar presensi sidik jari nya bagaimana solusi nya ya... ? ğŸ™ğŸ™ğŸ™,5
Penuh perjuangan dan kesabaran,5
Banyak berita yang saya dapat dari jss,5
Semoga mudah,5
Sangat membantu,5
Mudah diakses dan cepat,5
Bagus,4
Dapat informasi secara lasung,4
Bagus,5
Mempermudah pekerjaan,5
Lancar akses jss,5
Luuar biasa,5
Kok mau gabti foto aja di browser gk bs,1
"Terimakasih,",5
Ok,5
Sangat membantulah,5
Ok,5
Aplikasi yg baik satu untuk semua,5
Aplikasi yg bagus,5
Slow respon.. pertanyaan saya 1 minggu tidak di jawab.. uninstall aja..,1
Nice gan,5
Good ğŸ‘ŒğŸ‘ŒğŸ‘ŒğŸ‘ğŸ‘ğŸ‘,5
"moga2 gk ribet biar bisa menggatikan data pishik, bismillah mugo2 iso gunakr",5
Sangat baik,5
Mantap,5
Uapik tenan aplikasine. Fitur dan isinya muantab tenan...,5
Jos,5
Mantabbb,5
Aplikasi satu untuk semua,5
Mantul,5
Sangat membantu,5
Lengkap,5
Bagus membantu sekali,5
Susah untuk penggantian email..sudah klik minta kirim kode verifikasi via nomor hp tpi tidak masuk2 kode verifikasinya...,1
Jossss.,5
Status propil dari ketua RT menjadi warga sudah registrasi ulang tapi belum berhasil,3
Harus lebih ditingkatkan lagi,3
Mantap sekali boshe,5
Kembangkan lagi,5
"susah untuk masuk, setiap masuk harus ganti pasword. perbaiki layanannya dong. Bikikn pusing.",2
"Bolan-baleni nglebokke NIK dan sesuai prosedur tapi gagal masuk... Uninstall meneh, semoga ada perbaikan. Tetep semangat & ikhlas melayani masyarakat nggih...",1
"Judulnya ""Aplikasi untuk memudahkan masyarakat dalam memperoleh layanan-layanan yang telah disediakan Oleh Pemerintah Kota Yogyakarta"". Tapi faktanya setiap mengajukan pertanyaan saja tak pernah ada tanggapan/balasan. Memudahkan darimananya ???",1
Keren,5
Berjualan online lebih menyrnangkan,5
"Saya ber KTP kabupaten Bantul , Yogyakarta , Sayang sekali TIDAK BISA MASUK DI APLIKASI INI . KE DEPANNYA , Kiranya wni yang ber KTP di wilayah D.I. Yogyakarta Bisa Masuk di sini . thank you .",4
Sangat membantu orang tua dan warga jogja,5
Info jogja cepat Info darurat tersedia,4
Sipp dah,5
Kemarin untuk daftar pelatihan bisa Namun untuk pelayanan kel&kec dan beberapa keperluan lain tidak bisa Selalu kembali ke halaman awal,3
"bagus, cuman yang dilapangan kurang bisa mengikuti yang sudah online, kadang sudah daftar online, sudah ada report dari JSS, begitu sampai tempat, instansi yang berkenaan masih belum siap. Cetak ini itu, file yang sudah diattach via jss, jadi berkas, baru diproses.",4
Sukses,5
Bermanfaat sekali untuk masyarakat Kota Yogyakarta,5
Blom maksimal.,4
Aplikasi JSS memang smart,5
Sangat bermanfaat,5
Aplikasi yang bagus. Sayang saya tidak bisa mengakses beberapa layanan karena ktp luar kota walau saya sudah beberapa tahun disini.,3
"Sayang , hanya untuk kota,,, semoga kedepan bisa menjangkau wilayah2 yg masuk kedalam DIY. Trimksih,,,ğŸ˜‰",3
Bagus dan bermanfaat,5
Istimewa seperti jogjaku ini,5
Bagus bgt,5
"Dari nenek, ayah,ibu dan saya lahir dan tinggal di jogja sejak kecil....KTP DIY kok di aplikasi terbaca warga luar kota,apkikasinya yg salah atau data dukcapilnya yg salah ya....mohon penjelasanya....terimakasih",4
Tidak bisa dipakai,1
Ok,5
Jogjaku istimewa,5
Dpt mengadu suatu permasalahan di lingkungan,5
Great,5
Sistemnya tambah susah dan lelet...,1
Ok,5
"Walau agak lama ,akhirnya berhasil ğŸ‘ğŸ™makasih",5
Saya sfh ikut,5
Ok,5
siip,5
Sangat bagus & sangat membantu memudah kn mendapat kn layanan kepemerintahan,5
Quick respon,5
"Dishub, layanan angkutan umum, blm ada di aplikasi ini",1
Pengumuman yg disampaikan oleh SMP 5 kok tdk tersampaikan kpd kami,1
Bagus,5
"Sangat menarik, banyak informasi baru yang bisa diperoleh.",5
"Buat apa aplikasi ini eg ada fungsinya, sy warga ktp kota jogja sdh pernah menggadu diaplikasi ini, eh mau laporan lagi malah eg bisa ke kirim tolong dibenahi, aku laporan pengajuan lampu baru go akses masjid neng gonku e rung dikabulke",2
ngirim file tidak bisa alias bug masih ada,3
"Saya sudah daftar tapi gagal karena NIK terdeteksi bukan warga DIY. padahal sy DIY asli. Terpaksa, sy un instal krn tdk ada fungsinya",2
Luar biasa,5
"Selamat untuk aplikasinya, kota Jogja semakin maju dan terdepan dalam layanan",5
"Aplikasi yang baik. Masih belum bisa digunakan, isi konten nya masih banyak yang belum bisa dioperasikan atau masih kosong. Saya punya harapan besar aplikasi JSS ini akan bisa membantu banyak kebutuhan. Terima kasih.",3
Mana muter2 terus,1
Sangat membantu,5
Sangat membantu kami dalam memantau anak,5
Bagus,5
Daftarnya ribet,1
Masih perlu perbaikan,3
Mantuulll,4
Sangat bermanfaat bagi kami dan lebih mempermudah langkah kami untuk mengecek data,5
Luarbiasa,5
"Terjadi bug .Saat menggeser layar ke bawah,tiba tiba kembali lagi ke atas,mohon diperbaiki",4
Josss gak bisa login,5
Aplikasi untuk memudahkan warga kota jogja untuk mengakses semua fasilitas dari pemerintah kota jogja kepada warga kota jogja..,5
Bisa mendapat info lbh lengkap!,5
Mau ganti email sama password lewat nomor hp tdk ada pesan verifikasi yang masukkğŸ˜ ğŸ˜¡ğŸ˜¡,1
Ok,5
"Mau daftar gagal terus, jawaban selalu username dah terdaftar padahal belum pernah daftar",1
Sangat membantu,5
semoga lbh mempercepat pelayan..,5
"3 dulu ya. Aplikasi bagus. Cuma usul aja, pendaftaran mendeteksi domisili dan tempat lahir. Domisili mgk daerah lain, tapi lahir dan besar di Jogja....mohon dipertimbangkan jadi member aplikasi. Sebagaimana orang lahir di daerah lain tapi domisili saat ini di Jogja. Suwun.",3
Ozy,1
Belum dapat info apa2...blm faham operasionalnya..,4
Good,5
Udah daftar tapi gak bisa kebuka gmn caranya,2
Mudah dan bermanfaat,5
Belum pernah,5
Sangat membantu dalam memberikan ruang bagi masyarakat untuk memberikn kontrol terhadap layanan pemerintah,5
Sering ga muncul notif waktu absensi. Kecuali kalo aplikasinya posisi dibuka baru muncul notif.,4
Bagus dan sangat membantu masyarakat,5
Membantu sekali,5
Masih byk yg osnya kitkat..tdk bs install,4
Bagus,5
Sinyal kurang baik,3
"Saya kecewa padahal saya asli orang Jogja dr kecil,tapi pas saya daftar katanya nik saya bukan orang Jogja ğŸ˜­ğŸ˜­ğŸ˜­ğŸ˜­ğŸ˜­",2
Siip,5
Kopet... Login wae uangel. Jare terdaftar koq raiso login,1
Alhamdulillah lumayan,4
Sangat membantu,5
Bagus aplikasi ini,5
notifnya bikin kaget ğŸ˜‘,3
Aplikasi bagus dan udah instal baru sadar kalau ini aplikasi sepertinya hanya untuk jogja kota.kecewa yaaaa..!!!ğŸ˜‚ğŸ˜‚ğŸ˜‚,2
"Bagian konsultasi siswa, masuk ke bagian bank soal & download setiap dibuka masih keder/gerak ke atas terus padahal sudah saya gerakin ke bawah & jg error. Selebihnya sudah oke",4
Istimewa,4
Untuk wilayah Sleman belum bisa akses..kembangin lagi,3
masih perlu banyak perbaikan. saya orang bantul tp di app saya bukan orang jogja.. dan mau ikut dodolan tidak ada tombol add. mau tanya cs tidak bisa cm blank putih,2
Gak bisa daftar.,2
"Sebenarnya aplikasi yg bagus dan sangat bermanfaat, Hanya layanan aplikasi bisa ditingkatkan lagi , pilihan font huruf kurang besar , kalo ada opsi pilihan huruf lbh bagus lagi bikin betah sering2x berkunjung dimari . Apalagi ditambah mode gelap , lbh mantap . ğŸ‘ğŸ˜",3
Tidak bisa untuk membuat laporan...,1
Memudahkan urusan yang berhubungan dengan pemerintahan,5
Sangat bermanfaat,5
ko untuk daftar saja tidak bisa padahal asli jogja,1
Aplikasi ini sangat membantu sekali dalam melakukan pelaporan harian.,5
"Tidak bisa mendaftar, keterangannya KTP tidak terdaftar, padahal jelas KTP dr pemerintah.",1
Mantap,5
Susah dibuka,4
Gk bisa daftar.,1
Sangat berguna sekali,5
Jogja memang istimewa,4
Jogja istimewa,5
nice,5
Keren lah,5
"mal malioboro ke utara macet,keselatan lancar",5
"Suka, tapi kok masih ada yg saya klik tapi halaman kosong, atau mungkin hpq yg gak suport !! mohon di tingkatkan lagi",5
"Aktivasi ulang tidak pernah bisa,",1
Mempermudah akses komunikasi orang jogjağŸ˜Š,5
Semoga lebih baik lagi,3
Bagus aplikasi untuk pelayanan masyarakat,5
Belum bisa on,5
Ok,5
Makin ke sini makin oke.,5
Ok,5
Tingkatkan dalam pelayanan. Semoga membantu masyarakat,5
Keren dan mudah serta cepat menambah informasi,5
Responsive,5
Josssss,5
Terlalu ribet saat login,1
Syarat dan ketentuan kok bhs inggris....ra dong aku...ra sido,1
Mantap.,5
Oke,4
top,5
"JSS joss gandoss, go online, go realtime !!! Semoga lebih efisien dan efektif & bermanfaat bagi warga Jogja. . Semoga semua fitur berfungsi dan tidak lemot ya min, semangatt!!!!",5
Bagus sekali,5
"aplikasibagus, menuju Jogja smart city, apk masih perlu perbaikan. salah satu contohnya seperti akses cctv belum bisa diakses.",3
Baru latihan,5
cocok buat warga jogja,5
kota Jogja sekarang makin bagus penataanya terutama wilayah Malioboro,5
sdh aku daftar berulang kali ttp nggak bisa daftar ğŸ™„,1
kurang baik,2
"di saat lupa isi e-kinerja, pas ingat mau ngisi eh... kok server pas eror.... hufhhh sedihhh",1
app apa ini. susah bgt mau login harus aktivasi ulang2. gabisa2.,1
siip,5
Coba instal dulu. Aplikasi yg bagus buat warga Jogja.,5
sangat bagus dan membantu. terus tbah menu menu yg bermanfaat,5
"hebat,makin maju untuk Yogyakarta tercinta",5
Aplikasi Cerdas untuk warga Kota Yogyakarta dan pengunjung Kota Yogyakarta. Wajib install bagi penduduk berdomisili/ ber KTP Kota Yogyakarta. Jika Anda wisatawan di Kota Yogyakarta segera install aplikasi ini. Berasa seperti punya guide terpercaya.,5
baik,5
memudahkan warga mengakses informasi,5
aman,5
cukup membantu,4
bagus banyak membantu,5
good,5
oke tak coba dulu,3
trus ber semangat,5
Mumtaz,5
ok,5
mudah,5
sangat bermanfaat,5
oke,5
"jogja istimewa,",5
agak lama nunggu kiriman password.,3
saat diupdate malah hang,1
bagus dan sangat membantu,5
josss,5
sip,5
baik,4
joss,5
..deru x me?,5
Good,5
"sangat membantu , dan menambah wawasan.",5
"tidak bisa di operasikan setelah di upgrade ke jss yg baru,,,",1
apik,5
nice,5
ğŸ‘ğŸ¼,5
lumayan seperti kota yg sudah maju lainya,5
jogja smart oke,1
wow,5
semakin mudah semakin nyaman,5
sangat membantu masyarakat,5
kok tidak bisa lihat full balasan dari pertanyaan saya ?,2
very good,4
semakin bagus dan komunikatif,3
Tombol daftar ny ngumpet dimana,1
sip,5
untuk yg fontnya tidak kelihatan (bagian pendaftaran) bisa mengecipkan font di HPnya.... nanti otomatis ukuran huruf di dalam aplikasi akan menyesuaikan,5
ok,5
sangat bagus,5
"tidak bisa daftar,tombol daftarnya ridak kelihatan dan tidak bisa di scroll ke bawah. mohon perbaikan, terima kasih",2
"Mantap sekali, baru kali ini ada aplikasi all in one",5
"baik dan updated sekali, mohon lebih cepat untuk responnya..",5
ok,5
membantu,4
Tetap Istimewa dan berhati Nyaman,5
"mantul, fast respon",4
Susah Untuk live CCTV.. Terlalu Berat Datanya untuk live.,2
siiip,5
Keren pak Heroe,5
oke,5
sippp,4
bagus,4
Sangat bermanfaat,5
sangat membantu,5
kurang cepat responnya,3
bagus,5
top,5
bagus,5
sangat membantu ğŸ™,5
jos gandos,5
cepat tanggap waktu lapor,5
sangat membantu,5
lumayan enteng aplikasinya,5
sedikit2 didandani... :(,2
bagus,5
Siiip,5
membantu ukm untuk memasarka produk nya..,4
smart,5
Susah gabung,5
Info Kegiatan donordarah&pesan darah ke pmi blm ada ya?,5
Tolong buat versi ios untuk pengguna iphone. Makasih,1
Aplikasi nya ngangat membantu sekali,5
Sudah beberapa warga RT sy yang mencoba fitur pengaduan prasarana PJU kesulitan ketika memilih lokasi...,3
Peningkatan pelayanan prima kepada warga kota yogyakarta.,5
Bagus bermanfaat,5
Udah bagus,4
Bagus,3
Semoga berguna biasa jd penyambung lidah rakyat Jogja,5
selalu tambah inovasi baru,3
ğŸ‘sngt membantu,5
Belum pernah mempergunakan saja,5
Ok,5
Penting sekali,4
Saya dari kecil hidup di kota jogja. KTP juga kota jogja Masak di status dinyatakan bukan warga kota...?? Anehhhhh.....,3
Mntab dan sangat membantu buat cek pbb sy yg ada d kota jogja,5
Tingkatkan yg akurat,5
Baik,5
"Aplikasi msh sering trouble,jd msh perlu disempurnakan",3
