content,score,sentimen
Gak bisa loginnn woeee,1,0
Baik,3,0
Masa pasport salah terus..gak jelas aplikasi ini,1,0
"Hilang nomor sama hilang email susah ngurusnya,,ga bisa buat masuk lgi..parahhhhhhh",1,0
apa ini ? buang2 kuota internet,1,0
Lama proses aktivasinya sudah lebih dari 1 jam gk selesaiÂ² apa janganÂ² petugasnya lgi bobok atau apa?,1,0
agak lama nunggu kiriman password.,3,0
"Tolong akses CCTV diperbaiki, skrg tbtb ndak bisa dipakaiğŸ™",2,0
Warga Jogja dikasih vaksin yg biasa (sinovac) warga non jogja malah di kasih vaksin yg bagus (moderna). Sangat memihak ğŸ‘ğŸ‘ğŸ‘,2,0
Yg di dalam teras 2 ga bisa di lihat dari aplikasi ini. Jadi kurang bagus....,1,0
Pada saat sy aktivasi pertama kali terdapat kesalahan ketik utk NIK sehingga sy dinyatakan sebagai penduduk luar kota Yogyakarta. Harusnya 3471xxx tp kebalik 3741xxx. Untuk pembetulan NIK ini bagaimana caranya? Tanpa harus ganti email dan No HP. Terima kasih,3,0
Tombol daftar ny ngumpet dimana,1,0
"Parah,gagal terus di akhir proses",1,0
Pendaftaran vaksin gk bs di buka...cm halaman putih aja,1,0
Agak lemot,2,0
"Buka Aplikasi JSS Saat masuk ke Layanan, tidak bisa memakai data seluler, kenapa harus pakai wifi?",2,0
Bagus,3,0
"Kenapa pas permohonan ektp buat yg domisili ktp luar jogja tdk bsa sya cmn mau nunut Cetak ulang krna ktp sya rusak dn itu ktny tdk bsa hrus di tmpt kta tinggl sehrus ny bsa lhoo mnrut pak zudan tp dilapangan nyatanya diputar""",1,0
setidaknya jngn prank lah...,1,0
"Buat apa aplikasi ini eg ada fungsinya, sy warga ktp kota jogja sdh pernah menggadu diaplikasi ini, eh mau laporan lagi malah eg bisa ke kirim tolong dibenahi, aku laporan pengajuan lampu baru go akses masjid neng gonku e rung dikabulke",2,0
Tolong buat versi ios untuk pengguna iphone. Makasih,1,0
"Saya sdh wa utk perubahan C1 sdh seminggu perubahan nya blm jg dikirim baik lewat wa atau email, saya komplain lewat wa yg sama ttp tdk ad respon. Terpaksa saya dftar lg utk perubahan ktp dan c1 lg.... lwat fitur jss pun jg akhirnya wa lg dan wa lg ... seperti muter2 saja.",1,0
Aneh,1,0
Sudah beberapa warga RT sy yang mencoba fitur pengaduan prasarana PJU kesulitan ketika memilih lokasi...,3,0
Aplikasi jelek mau login pake nama sendiri masak gak bisa dah di pake orang lain katanya...,1,0
Gimana cara Promosi jualan ke DODOLAN ko susah bgt lemot,1,0
"Ini sangat tidak evektif sekali, bahkan membuat masarakatnya bolak balik, sistem, terlalu riber, saya pikir bisa memangkas waktu dan memudahkan semua urusan yg bersangkutan dengan data diri. Ternyata tidak membantu sama sekali.",1,0
Udah download mau login aja susah banget... aplikasi ga guna..,1,0
"Saya baru daftar pada jss, sehingga belum mengetahui dan manfaat jss",3,0
"Dan pada intinya untuk pengurusan surat di kelurahan/kecamatan tetep menggunakan surat fisik yg akhirnya 2x kerja. Klo memang kepengurusan surat menyurat tidak bisa pake aplikasi ataupun aplikasi belum bisa bekerja secara maksimal tolong di jelaskan detail untuk yg sudah terlaksana atau belum terlaksana itu pengurusan surat apa saja agar ""JELAS"". Biar tidak bikin rancu 2x kerja, jelaskan juga syarat syarat yg harus di upload di aplikasi apa saja itu baru smart service.",1,0
Slow respon.. pertanyaan saya 1 minggu tidak di jawab.. uninstall aja..,1,0
Aplikasi rusak,1,0
"Mau ngurus ktp hilang, tapi registrasinya suruh foto ktp dan swafoto sambil megang ktp, tolong bikin aplikasi yang logis lah",1,0
Sering update terus tp sama aja masih sering lemot bikin penyimpanan banyak lagi. Tolong diperbaiki,2,0
ga fungsi...uda daftar gangguan terus,1,0
"Foto profil nya eror ga bisa di ubah, jadi saya ga sengaja klik foto yang salah pas mau di ganti lagi ga bisa padahal udah ada tulisan ""foto profil anda berhasil di ubah"" dan udah saya refreshÂ² juga tetap ga bisa tolong di perbaiki",2,0
"Pernah daftar, mau masuk lagi lupa password, ngga ada bantuan apa gtu biar masuk lagi, susahnyaaa",2,0
"Katanya sih udah sukses pendaftaran, tp link dr whatsapp tidak stuck. Percuma dong isi data dr td tp gagal donggggg tetep kudu bikin manual kekantor. Zzzzz",2,0
"Sangat membantu, tetap semangat jogja",3,0
"mau daftar vaksin buat adik saya di aplikasi jss udah login udah klik tombok vaksinasi suruh daftar lewat wa,nah udah di wa malah di suruh daftar lewat aplikasi jss lagi.buka aplikasi jss juga sering eror eror terus njok masyarakat kon kepiye?saya sebagai warga sangat kecewa dengan aplikasi jss bukannya mempermudah masyarakat melainkan malah mempersulit.mohon lebih di perbaiki lagi.sekian kritikan dari saya semoga di lihat di dengarkan dan di laksanakan untuk perbaikan aplikasinya.Matur SuwunğŸ™",1,0
"Aplikasi cacat,,,log out trus....cape",1,0
"Mau chat CS nya ga bisa bisa mulu. Cuma layar putih doang, padahal sinyal bagus",2,0
Untuk membuat akun awal selalu gagal di foto KTP apalagi mau mempergunakan aplikasi JJS ğŸ¤¦,1,0
Kemarin untuk daftar pelatihan bisa Namun untuk pelayanan kel&kec dan beberapa keperluan lain tidak bisa Selalu kembali ke halaman awal,3,0
Harus lebih ditingkatkan lagi,3,0
Untuk wilayah Sleman belum bisa akses..kembangin lagi,3,0
aplikasi presensi online kurang merakyat,1,0
error terus,1,0
Setelah diupdate mlh susah..bgus an kmrin,1,0
Payah... Setelah diupdate malah nge lef terus,1,0
Untuk apa diberi pilihan bayar tetapi tidak ada pilihannya??? Memakai jss supaya cepat malah bikin buang buang waktu,1,0
"Cctv nya kurang rata, gabisa mantau cowoku jalan sama selingkuhannya",3,0
Kok sekarang ngak bisa buat login wifi si kot pemkot pekok,1,0
Bad application is difficult to login,1,0
Sering gag konek harus sering meng install ulang.,1,0
"Pelayanan KTP tdk bisa di klik, layanan WA tdk ada respon, Tanya ke Balai Kota diarahkan lagi ke Jss... Padahal Aplikasinya selalu error",1,0
"susah untuk masuk, setiap masuk harus ganti pasword. perbaiki layanannya dong. Bikikn pusing.",2,0
Coba dululah...,3,0
Tul,3,0
"KTP KU HILANG BAPAK/IBU, MAU LOGIN SWAVIDEO GIMANA KTP ASLINYA AJA HILANG COBA. GANTILAH PAKE KK KAN BISA, BAPAK/IBU. MAKANYA KENAPA SAYA LOGIN KE JSS KARNA INGIN MENGAJUKAN PENGGANTIAN KTP. YAA ALLAH T_T",1,0
kurang cepat responnya,3,0
Saya mau daftar vaksin kok Gk bisa tlg dibantu...,1,0
"Lemot parah , mau daftar vaksin sulit.",1,0
Sinyal kurang baik,3,0
"Mau daftar,ngisi data diri, pas foto ktp kok cuma putih semua.. gimana ambil fotonya?",2,0
Tri Krismilah,1,0
Kecewa banget. Error apa gimana gatau...pas klik pendaftaran vaksin (sebelum daftar) bisa trs kalau mau masuk harus punya akun dulu. Pas udah daftar akun gabisa di klik dong...kesel banget...kukira ngaruh sama jam mulai pukul 8 ternyata sama aja,1,0
"Tolong untuk WiFi daerah RT 27 RW 06 sangat jelek, bahkan tidak bisa di pakai",2,0
Buat daftar pas pegang ktp sama selfie.loding smpe seharian gabisa di prosesssss,1,0
Aplikasi bagus dan udah instal baru sadar kalau ini aplikasi sepertinya hanya untuk jogja kota.kecewa yaaaa..!!!ğŸ˜‚ğŸ˜‚ğŸ˜‚,2,0
Gak bisa daftar akun kok minta update. Susah banget daftar akun. Padahal penting banget. Ya weslah...,1,0
saya tidak bisa login padahal udah daftar. gimna ini?,1,0
Aplikasi RIBET!!!!Urusan gampang malah dadi rumit...ganti wae wong2an e,1,0
"Ngurus ktp sejak tanggal 24 juni sampai tanggal 7 juli belu jadi proses ribet sekali ,, bikin ribet malah bikin lama prosesnya",1,0
Sering bermasalah dan tanda jari tdk muncul shg pegawai gagal finger dan kena potongan TPP,1,0
Awal doang bagus.. Sekarang gk guna banyak bermasalah..,1,0
"Wifinya ndak bisa conect , sering muncul notifikasi : "" situs ini tidak bisa menyediakan jaringan yang aman "" kenapa tuh ?",1,0
"Kl blm siap dgn sistem online, mending g usah aja.. jujur ini malah lbh lama dan menyulitkan proses nya.. bukannya Simple or praktis tp mlh ribet.. hrs d wa dl petugasnya.. ujungnya suruh isi ulang.. dah lah.. dasar negara berflower.. birokrasi nya emg g bs berubah.. harusnya sih bintang 0 saja.. serius.. ini blibet bgt.. g guna layanan aplikasi onlen ini.. dua bulan coyy ngurusnya.. makan ati.. mending makan ati asli.. ini gawe dongkol",1,0
Pkay,3,0
Gabisa umum,2,0
"Saya sudah daftar tapi gagal karena NIK terdeteksi bukan warga DIY. padahal sy DIY asli. Terpaksa, sy un instal krn tdk ada fungsinya",2,0
CAHYO,3,0
"Aplikasi yang bukan aplikasi, melainkan shortcut menuju web adress yang diarahkan melalui browser.",1,0
"Pendaftaran perlu foto KTP dan foto KTP dengan diri sendiri. Aplikasi nasional sejenis peduli lindungi aja ga perlu swafoto diri dengan KTP. Saya ragu pemerintah bisa jaga data. Lagi pula untuk apa swafoto dengan KTP. Salah salah mengamankan data, jika dicuri bisa dijadikan pinjol dan kejahatan lainnya. Sangat tidak ramah dengan privasi",1,0
"Sayang , hanya untuk kota,,, semoga kedepan bisa menjangkau wilayah2 yg masuk kedalam DIY. Trimksih,,,ğŸ˜‰",3,0
Sering error untk absen pegawai,2,0
offline semua.. ğŸ¥±,1,0
ngirim file tidak bisa alias bug masih ada,3,0
Ah aplikasi marai emosi Lemot servernya upload gak selesaiÂ² Niat baik tp server gak baik,2,0
Alah ribet,1,0
Pelayanan yang berbelit belit dan plinplan....,1,0
Aplikasi gak jelas masa saat verifikasi gagal terus,1,0
Susah aplikasinya.. Ngurus Apa apa harus online kasian untuk orang2 yang gapunya hp.. Saya datang ke capil disuruh download apl ini bukanya dipermudah malah dipersulit.. Dari 3 hr lalu gabisa dibuka tiap tabnya selalu warna putih.. Tolong untuk pegawai pemerintah mohon dengan sangat jangan dipersulit..,1,0
Tidak membantu sama sekali....payah,1,0
Gagal buat akun padahal ktp e yg buat pemerintah....lucu apk nya,1,0
Lambat sering error,2,0
ra mutu,1,0
Cctv gak bisa terbuka....barusaja pembaharuan,3,0
KENAPA SAAT AKU MAU MASUK KE APK KADANG KADANG GAK BISA . TOLONG DI PERBAIKI YA,2,0
"Semua diarahkan ke aplikasi , sedangkan aplikasi belum siap , saya daftar vaksin tidak ada pemberitahuan sms, ada pemberitahuan lewat aplikasi tapi di sore hari hari , padahal vaksinnya siang , trus untuk penjadwalan ulang vaksin kapan ? Diaplikasi untuk pembatalan tiket vaksin aja tidak ada respon sudah ada 1 minggu. Trus saya jadi tidak bisa ikut vaksin di lain tempat , tolong ini min direspon",1,0
Semoga lebih baik lagi,3,0
Mau daftar trs mau login tp kk susah gk bisa2 padahal data sudah sesuai Kartu Identitas,2,0
"Akses sering error,cukup mengecewakan",2,0
Tiap masuk wifi pemkot mental terus,1,0
"Lek tulong, daftar baru trus udah dapet link tp bar di klik loading terus""an, gaiso login njuk nek arep ngurus opo"" kudu login. Njuk aku nginstal iki gunane kur ngebaki memori?",2,0
Ra genah masa server pemerintah eror bug sperti ini... Gimana ini programer nya .? Bisa di BUG HUNTER sama Hacker kecolongan data dah,1,0
Gila parah bgt daftar buat ngurus perubahan data aja lama bgt dah dicoba sampek berkali kali tetep aja gak bisa padahal udah pake wifi sampe 2hari parah bgt sampek dateng ke balkot juga ttep gak bsa harus pake jss astagaa gak kelar2 urusan,1,0
"Saya kecewa padahal saya asli orang Jogja dr kecil,tapi pas saya daftar katanya nik saya bukan orang Jogja ğŸ˜­ğŸ˜­ğŸ˜­ğŸ˜­ğŸ˜­",2,0
"Aplikasi msh sering trouble,jd msh perlu disempurnakan",3,0
"Jelek dan sering troble jss, terlihat pemerintah kota sendiri seperti tidak siap dan terkesan di paksakan, dari infrastruktur pendukung, kualitas sdm untuk pengembangan dan perawatan tidak mumpuni di bidangnya. Saran kedepan pemerintah harusnya berfokus pada skil, pengalaman ataupun keterampilan dalam perekrutan SDM, jangan cumua ijasah dan test tertulis doank, karna teori sama praktek beda jauh, kedepan pemkot harus berkaca dari luar negri mereka tidak berfokus pada ijasah tapi skil.",1,0
"Aplikasinya sama sekali gak ngebantu...mau login ke linknya ajha susah bener, tulisannya terjadi kesalahan terus, sama gak bisa dibuka.. Tolong apliaksi nya diperbaiki lagi, agar memudahkan masyarakat, sama saja kalau ada aplikasi jss tp tidak bisa digunakan..ujung""nya harus ke balkot jga...",2,0
Payah susah buat login,1,0
Lama prosesnya,1,0
Bauk,3,0
Aplikasi rusak,1,0
Siiip,3,0
Kurang bagus...,2,0
Sudah 8x percobaan mengisi dan meng-upload berkas....sinyal selalu gagal tersambung...!!!!!! Aplikasi cacat..!!!! Pdhal sinyal aman2 saja buat yang Lain.,1,0
Saya Jafar Nurrohman tunanetra dari Jogja Mohon maaf untuk Jogja Smart Service untuk tunanetra sangat tidak membantu karena banyak sekali fitur-fitur yang tidak di bisa dibuka oleh layanan t a l k b a c k demikian harap dijadikan Pirsa dan Mohon untuk diperbaiki dan disempurnakan kembali,1,0
Gakk bisaa terusss !!!,1,0
Sudah 4 hari daftar masih muter aja blm bisa masuk aplikasi parah jelekny,1,0
Diinstal susah banget..bolak balik ke menu..setelah terinstal aplikasinya tidak muncul di layar hp,3,0
"Ini mau daftar KTP malah nge direct ke website, tapi di website diarahkan lagi untuk daftar via aplikasi... Mubeng2 jal",1,0
"Buat 4 akun Sudah 2 hari cuma muter semua belum bisa di gunakan , mohon di perbaiki apanya gitu biar proses pendaftaran ya bisa lebih cepat, kalo belum siap pakai aplikasi mending pakai WA aja dulu kaya kemarin",2,0
JSS nya sering tdk konek...ğŸ˜“ğŸ˜“ğŸ˜“,1,0
Aplikasi gak guna sudah terdaftar tp suruh login terus aneh tolong di perbaiki,1,0
"bosok, g guna, daftar ajah dpersulit",1,0
kok tidak bisa lihat full balasan dari pertanyaan saya ?,2,0
"Ngurus akta kematian dipersulit... Datang langsung ke dukcapil, disuruh daftar dulu lewat jss.. ini maunya gimana? Sedangkan jss sendiri banyak masalah... Bayar yg banyak gih buat developer nya.. biar kerjanya bener.",1,0
"Tidak ada yg bisa menjelaskan, yg jawab robot, untuk saya yg sudah lansia tidak jelas, monggo diperbaiki ada cs yg bisa dihubungi",1,0
pas mau masuk kenapa minta verifikasi trus si,3,0
Stop working di tablet Lenovo saya,1,0
"Mau daftar kok susah bgt muter"" trs ke menu utama ğŸ˜–",2,0
"Mosok warga luar kota jogja, ndak bisa mendaftarkan ortu yang tinggal di kota mau periksa di puskesmas kota",1,0
"Mau update data perkawinan ya Allah ampe dari bulan lalu dicoba trus g bisa , masukin foto kk dll g bisa ğŸ˜£ pusing aing",1,0
Masuk susah terlalu rumit sudah bikin akun usser sama password sudah bener tetep aja salah kecewa,1,0
Gak bisa login,1,0
"Minta tolong diperbaiki untuk aplikasi dan sistemnya, terutama di tahap pendaftarannya trouble sekaliğŸ˜­",3,0
Aplikasi koq banyak error nya,2,0
"Belum bisa menggunakan jss ,carane",1,0
aplikasi nya kurang bagus karena tidak bisa pakai wifi,1,0
lambat,1,0
Udah lama-lama buat akun cek pbb sleman malah ga bisa. Kirain punya provinsi ternyata cuma sebatas Kota Yogyakarta doang. Mending langsung cek e-commerce,1,0
sdh aku daftar berulang kali ttp nggak bisa daftar ğŸ™„,1,0
"Kurang bagus, jelek, tidak bisa reset password",2,0
"aplikasibagus, menuju Jogja smart city, apk masih perlu perbaikan. salah satu contohnya seperti akses cctv belum bisa diakses.",3,0
"Udah daftar disuruh aktivasi ulang. Udah kirim pesan, operator nya online tapi gak ada responnya. 3 hari ditunggu ga di acc. Niat ga sih??",1,0
Gak bisa play CCTV min..udah coba ganti 5-6 titik CCTV sama semua error 'video can't be played'. Tolong segera diperbaiki min..thanks,3,0
Sama sekali tdk mmbntu..,1,0
Sangat membatu bagi warga jogya,3,0
Bintang 3 Dulu.. Kok gk bs Daftar Vaksin ya?? Katanya bs dipake tgl 10 Juli.. Ini dh tgl 04 Oktober.. Gimana cara nya??,3,0
Susah Untuk live CCTV.. Terlalu Berat Datanya untuk live.,2,0
Mau bikin laporan gangguan pdam gak bisa2.,1,0
Ikutan rating jelek aja,1,0
Lag WiFi,3,0
Susah mendaftar di jjs smart,3,0
Okay,3,0
"Aplikasinya bagus tapi, Kurang memuaskan karna akses layanan sy ditolak padahal saya sudah menjadi warga Jogja. Walaupun saya hanya warga pendatang. Tetapi saya sudah mencabut berkas dari daerah asal dan seluruhnya menjadi warga Jogja. Akses Layanan Akte kelahiran juga susah, padahal saya adalah ibu kandung masa harus lampiran surat kuasa. Tolong upgrate lagi Aplikasinya agar lebih baik lagi. Trima kasih",3,0
Aplikasi yang bagus. Sayang saya tidak bisa mengakses beberapa layanan karena ktp luar kota walau saya sudah beberapa tahun disini.,3,0
Respon chat livenya terlalu lama kurang fast respon,3,0
"Parah data gw nggak ada, tulisannya hubungi helpdesk untuk di daftar manual. Eh, helpdesk nya dihubungin malah nggak pernah respon. Nggak niat emang buat layanan. Atau emang belum siap. Sekelas Jogja kok layanan ITnya gini. Parah.",1,0
app apa ini. susah bgt mau login harus aktivasi ulang2. gabisa2.,1,0
"Sama sekali tidak ada manfaat,kemudahan dan ke simple an, malah bikin ruwet,mau daftar vaksin aja ruwetnya ampuuun..gak pernah di update. Perbaiki dulu dan bener2 profesional kalau mau bikin aplikasi. Maaf bintang 1 aja deh",1,0
Bagus,3,0
Sulit,1,0
susah nggak seperti yg di gembar gemborkan...,1,0
"kok ilang dewe. rajelas tenan. Parah ,raono balesan,sering err. Raiso otomatis. Ribet. Bajingan ra jelas",1,0
Sangat membantu,3,0
Mana muter2 terus,1,0
"ini aplikasi pemerintahan tapi mau buka kuk malah masuk iklan2, mohon diperbaiki",3,0
"update jss versi 3.0.123 terbaru wifi free hotspot tidak berfungsi d imanapun ,tolong diperbaiki",1,0
Pendaftaran vaksin tutup trs......,1,0
Sudah lebih baik,3,0
"pelayanan khusus warga jogja KOTA saja.. beda deskripsi sama di w.a (helpdesk) tertera ""melayani vaksinasi luar kota"" padahal saya hanya beda kabupaten saja",1,0
Syarat dan ketentuan kok bhs inggris....ra dong aku...ra sido,1,0
"Mau akses wifi gabisa. Padahal udah daftar, udah verifikasi, akun sudah jadi. Tp gabisa akses wifi Jogja.... Serasa dibohongi",2,0
"Untuk mengurus akta kematian saja, ribetnya minta ampun... Diulang berapa kalipun tetap ujung-ujungnya gagal",2,0
"Aplikasi kurang protektif untuk pengguna.... 1. Mau masuk daftar login no nik / usser name angka yg sesuai identitas sya kok bisa sudah dipakai orang lain,, seolah data pribadi kita bisa diliat di aplikasi ini 2. Sya yg asli malah gak bisa daftar karena dipakai pengguna lain, disuruh masukan nik yg lain, tpi malah muncul identitas oramg lain lagi, hadeuhhhh",1,0
Gmn si ni apl tiap login ke wifi gk bisaaa,3,0
TRASHHHHHHHHHHH,1,0
Gak guna mi,1,0
Aplikasi belum maksimal,1,0
Setelah diupgrade malah tidak bisa dibuka...hapus saja tidak bermanfaat menghabiskan kouta sajağŸ˜¬ğŸ˜¬,1,0
"mau registrasi aja lama,dari pagi sampe siang masih aja dlm proses",3,0
Pelayanan tidak memuaskan malah makin lama,1,0
"notif ganggu banget, suaranyaa nyebelin TENG TENG TENG TENG TENG apa lagi kalo pas lgi kumpul2 kerja miting malah jadi malu ditambah notifnya gabisa ilang di atas",1,0
Sudah memakai jaringan yang cepat pun pemuatan aplikasi masih sangat lambat. Tolong diperbaiki,2,0
"Kurang terintegrasi dgn keseluruhan sub sistem, mkshğŸ™",2,0
"Bagi yang tidak bisa login maupun susah daftar atau masalah lainnya, langsung aja hubungi JSS di help desk",1,0
Login tidak bisaaaa.,1,0
"Layanan daftar online, tapi jam kerja cuma sampai jam 12.00, selebihnya ditolak. Nek males, golek penak, rasah kerjo sisan wae mas. Turu wae ning omah penak.",1,0
Kenapa free hotspot skrg gabisa login,1,0
terlalu lamban,1,0
Gagal trs di proses akhirnya .sulit bgt,3,0
kenapa ya dari awal sampai sekarang ini lebih sering tidak bisa membuka aplikasi dengan alasan karena dalam perbaikan....,2,0
Bagusss sih bisa utk acuan,3,0
"Katanya Smart sevice, tapi bagian CCTV ga bisa di akses. ğŸ™„ğŸ™„",2,0
"Aplikasi Bagus, mungkin bisa cari penyedia layanan hosting yang lebih baik dan ternama agar tidak terjadi down ketika banyak user yang akses",3,0
"Aku gak instal dulu, soalnya dr reviewnya aja aplikasi ini belum beres",1,0
Tidak bisa login,1,0
semakin bagus dan komunikatif,3,0
"Bolan-baleni nglebokke NIK dan sesuai prosedur tapi gagal masuk... Uninstall meneh, semoga ada perbaikan. Tetep semangat & ikhlas melayani masyarakat nggih...",1,0
"tidak bisa di operasikan setelah di upgrade ke jss yg baru,,,",1,0
"tidak bisa daftar,tombol daftarnya ridak kelihatan dan tidak bisa di scroll ke bawah. mohon perbaikan, terima kasih",2,0
Mau update malah mandek ditengah jalan alhasil macet,3,0
Masuk ke registrasinya lama bnget ya,3,0
Membalas pesan Membuat pengaduan Hampir semua tidak bisa diakses dengan keterangan hanya untuk warga kota jogjakarta.. Padahal dengan jelas data yg saya punya untuk mendaftar juga ktp kota jogja.. Mohon diperbaiki,1,0
Mohon untuk akses cctv dapat dibuka untuk agar pengguna dapat maksimal dalam menerima manfaat aplikasi ini,3,0
Di klik go bisa2,1,0
selalu tambah inovasi baru,3,0
"Kok pas lagi mau ngeseks WiFi nya malah di suruh login padahal saya sudah login akun jss, kok jadi ke log out sendiri ya, tolong di perbaikin ya ğŸ™ğŸ™ğŸ™",2,0
Prek apl eror eror buat aplikasi yang bener nunggu kelamaan as buh. Gimama Indonesia dan jogja mau maju jika seperti ini,1,0
Ini kok fitur nya membingung kan ya ... Loading nya lama bgt trs kurang jelas juga ..,2,0
Ealah,1,0
Terlalu ribet saat login,1,0
Katanya ada PBB ternyata tidak ada,1,0
Gk bisa di gunakan mhin di tingkatkan,1,0
"teruntuk developer apk JSS Apk y uda gud,tampilan y ok simpel mudah d mengerti. E tapi Fungsional apk sangat kurang 1.Isi formulir malah di alihkan ke browser 2.Nomor Pengaduan yg tertera no respon",1,0
"aplikasi rusak..sebagai warga jogja kecewa sih,niat pngen lewat online tp mlah aplikasi.nya eror gini..ujung""nya harus ke balkot urus manual",1,0
TibaÂ² keluar dan masuk lagi gak bisa padahal akun dan password sudah benar...dan sebelumnya upload identitas gak bisa terus...piye to iki...aplikasi sudah siap belum,2,0
Masih bagus sama aplikasi sebelumnya. Diupdate malah makin eror..,1,0
",aplikasi cuma buat penipuan biar cepat habis kuwota anda, Jngn Download aplikasi ini brooo",1,0
Good,2,0
Presensi berjalan krg lancar krn sering terganggu,3,0
"Kenapa saya pakai Aplikasi di android redmi note 10 pro tp utk fitur pendaftaran vaksinasi tidak bisa saya akses, tp kalau masuk dr smartphone yang lain bisa",1,0
Gak bisa daftar.,2,0
Dipake buat lihat pajek bangunan gak bisa,1,0
sedikit2 didandani... :(,2,0
Verifikasinya lamaaaaaaaaaaaa,1,0
Sepertinya hnya bisa diakses untuk keperluan jam kantor,2,0
"Baru sampai pada proses pendaftaran saja sudah rumit dan ribet harus menggunakan swafoto dan swavideo dengan KTP. Niatnya mau mempermudah malah rumit, proses verifikasi dari kominfo memakan waktu 2 hari.",1,0
"Aplikasi pemerintah, tapi pelayanan dari Kominfo kurang fast, mohon maaf, saya mau mendaftar dan verifikasi nya sangat lama dari tim Kominfo nya, mohon bisa di perbaiki lagi kinerja nya karena merupakan pelayanan masyarakatğŸ™ğŸ»",1,0
"Habis update tidak bisa diakses, Mohon diperbaiki, Web juga tidak bisa diakses",1,0
Aplikasi gak stabil Lelet,1,0
"Aplikasi bagus, tapi tolong dibuat lebih simple, niatnya mau canggih tapi malah bikin emosi masal. Karena gak semua orang mudah memahami aplikai ini. Buat it nya selamat kerja keras, kalau tidak sanggup silahkan mundur biar diganti yang lain yang lebih siap.",1,0
Aplikasi kurang sempurna,1,0
"Hebat sekali pelayanan publik dukcapil kota jogja!!! Untuk penggantian KTP rusak melalui JSS dibutuhkan waktu 3 hari lebih, benar benar MAKAN GAJI BUTA. sekedar perbandingan saja penggantian KTP rusak di drivetrue dibutuhkan waktu 10 menit. Lewat aplikasi JSS dibutukan waktu 6X24 jam. Memang yang dilayani bukan hanya saya tapi apa juga selama itu juga proses pengajuan saya???!!!!",1,0
Status propil dari ketua RT menjadi warga sudah registrasi ulang tapi belum berhasil,3,0
"mau daftar free hotspot susah, udah download sertifikat personal pas mau ekstrak hrs masukin pass akun jss tapi salah trus ga bisa pdhl uda bnr pass akun nya",3,0
"Aktivasi ulang tidak pernah bisa,",1,0
Sering gagal nyambung ke wifi,1,0
Kok tidak bisa dipake?,1,0
Angel sebagian tempat ko mengunakan catphe untuk masuk di kecamatan kelurahan di akses pun susah jare fasilitas go warga kota tapi gak iso guna cm sinyal tok sek jebak arep login ura iso .......,2,0
"Membantu, tapi sekarang jjs hotspot saya nggak bisa dipakek, diotak-atik nggak ada hasil",3,0
Percuma.. tdk bisa dipakai.. selalu error.. dihubungi ke no helpdesk(WA) tdk ada respon.. dibacapun nggak.. jogja mmg istimewa??? Auto delete..,1,0
"Tolong presensi online di mas test dulu, sebelum di launch, terimakasih",1,0
VÅºxpb,3,0
tidak bisa registrasi tolong di perbaikin developers bug swavideo error,2,0
Sulitnya mau login... Gak jadi aja aah.... Sudah dapat WA...tapi di klik gak ada opsi apapun,1,0
Gk bisa login wifi woi,1,0
Mau login aja ribett banget dan lamaa,1,0
CCTV ga bisa dibuka. Padahal paketan lancar jaya. Ini sih murni dari Aplikasinya,1,0
Susah login pendaftaran vaksin,1,0
Kok ga bisa didownload yaa????,1,0
Ribet.enak langsung datang ke kecamata selesai,1,0
"Tidak bisa mendaftar, keterangannya KTP tidak terdaftar, padahal jelas KTP dr pemerintah.",1,0
notifnya bikin kaget ğŸ˜‘,3,0
kurang baik,2,0
"Dishub, layanan angkutan umum, blm ada di aplikasi ini",1,0
Agak susah sinyalnya,3,0
"Sebenarnya aplikasi yg bagus dan sangat bermanfaat, Hanya layanan aplikasi bisa ditingkatkan lagi , pilihan font huruf kurang besar , kalo ada opsi pilihan huruf lbh bagus lagi bikin betah sering2x berkunjung dimari . Apalagi ditambah mode gelap , lbh mantap . ğŸ‘ğŸ˜",3,0
"Cctv tidak bisa di play min, error cctv nya. Jadi tidak bisa memantau sikon jalan seperti apa",3,0
"Update terbaru (2 juni 21), aplikasi lemot, daftar antrian puskesmas mental ke halaman beranda saat upload bpjs. Mohon di benahi. Maturnuwun",1,0
"Untuk fitur Live chat JSS respon nya kurang cepat dan kadang respon nya membingungkan karena yang membalas chat nya menggunakan bot. Harusnya admin live chat JSS dari sumber daya manusia yang ada di Diskominfosan saja, agar pertanyaan masyarakat dapat dijawab secara jelas.",2,0
"Saya bukan pegawai, tp disuruh update JSS",1,0
WiFi kok tidak ada akses internet terus,3,0
Astaghfirulloh.. Mau log in susahnya ampun deh,1,0
oke tak coba dulu,3,0
MUH NURiZZA,2,0
"Pelayanan online masih berantakan banget, ngurus KK baru ribetnya minta ampun, admin wa nya juga slow respon banget, cari pegawai yang kompeten lahh",1,0
Mohon disempurnakan fitur absensi otomatis yang terbaru tidak berjalan dihp kami yg ada di sekolah kemarin dpt info dr salah satu pegawai dinas pendidikan bisa tetapi setelah kami coba tdk bisa berjalan triamakasih,1,0
"App OP bangat , selalu gak bisa di pakeğŸ‰",2,0
Respon lambat msh banyak troubel,1,0
Sekarang sering eror mau absen harus updet terus dari kemarin,3,0
Kok mau gabti foto aja di browser gk bs,1,0
Regrestasi lambat,1,0
Sering trouble,1,0
"Untuk log in selalu ber masalah, dari segi login bagus beda dgn wifi2 lain tapi yang ini kurang akurat log in keseringan gagal, pake data untuk log in juga sama ğŸ˜– mohon tinjau ulang kak akses tersebut",1,0
Maaf sebelumnya...tolong untuk pegawai yg ikut jam kerja shift terutama masuk sore untuk jam kepulangan diberi jeda/spaleng waktu untuk absen dan tolong mengenai jadwal kami yang sering trouble dan tidak dapat melakukan absen...mohon untuk dibenahi lg karna kami sebagai pegawai yg dirugikan padahal kami sudah melakukan kewajiban kami untuk memenuhi jam kerja,1,0
Erroorr terooss. Sialllll,1,0
Mohon maaf ini kenapa aplikasi nya tidak bisa digunakan ya? Saya pencet apapun yg ada di menu tidak bisa. Mohon bantuannya.,2,0
tambah cctv area piyungan ketimur/ kearah wonsa,3,0
On,2,0
"Tolong registrasi di permudah dong, ga usah ada vermuk, yg kamera nya jelek susah mau daftar",3,0
"Gak pernah bisa masuk, pusing sampek an .. ini sebenarnya bisa di pake gak sih???",1,0
"Judulnya ""Aplikasi untuk memudahkan masyarakat dalam memperoleh layanan-layanan yang telah disediakan Oleh Pemerintah Kota Yogyakarta"". Tapi faktanya setiap mengajukan pertanyaan saja tak pernah ada tanggapan/balasan. Memudahkan darimananya ???",1,0
Ada fitur CCTV tapi ga bisa dilihat,2,0
BELUM PROFESIONAL,1,0
"Tolong dong dibikin widget buat presensi online nya, biar langsung dapat diakses di home screen. dan satu lagi tampilan home nya jangan berat2, hp kentang jadi lemot makasih... #karyawanpemkot",2,0
apl bsk,1,0
Tidak bisa untuk membuat laporan...,1,0
"aplikasi apaan ini,mau ganti nomor hp gak bisa.aneh",1,0
"Aplikasi yang baik. Masih belum bisa digunakan, isi konten nya masih banyak yang belum bisa dioperasikan atau masih kosong. Saya punya harapan besar aplikasi JSS ini akan bisa membantu banyak kebutuhan. Terima kasih.",3,0
"Mengurus kepindahan KTP saja dipersulit dan diarahkan aplikasi yg sepertinya tidak siap, niate online malah ora efektif",1,0
"tolong diperbaiki lagi, nyambung wifi buat buka situs situs lainya ga bisa trus,main youtube aja dipersulit",1,0
"Maaf,pernah masang aplikasi ini..tapi setelah jarang saya buka mau masuk lagi kok susah? Padahal sudah terdaftar dulunya..",2,0
Kok jadi susah ya,1,0
Bagus,1,0
Rasis sekali vaksin kebanyakan nik JOGJA tidak adil buat pendatang KALIAN TIDAK ADA WARGA PENDATANG WISATA & PENDIDIKAN KALIAN TIDAK AKAN BERKEMBANG INGAT!,1,0
"Aplikasi dibuka blank, apa dalam perbaikan?",2,0
Banyak berita yang saya dapat dari jss,5,1
Sangat membantu dan lengkap.,5,1
Aplikasinya sangat membantu dan bermanfaat bagi masyarakat dan ASN,5,1
Bagus,5,1
sangat membantu dan aplikasi sangat lancar no lag dan no iklan ğŸ‘ğŸ˜ jos pokoe,5,1
"Mantap sangat membantu, tapi klo boleh kasih saran d setiap sudut jln yg d rawan kejahatan d pasang cctv atau perlu semua kota dn desa supaya bisa termpantau monitor dn bisa langsung memberi tahukan polisi, dn sangat membantu jika criminal melarikan diri bisa terpantau posisinya",5,1
Sangat membantu masyarakat jogja,5,1
Cepat tertangani,4,1
Oke,4,1
"Mantap sekali, baru kali ini ada aplikasi all in one",5,1
Lancar akses jss,5,1
memudahkan warga mengakses informasi,5,1
Aplikasi bagus....,5,1
Sangat membantu sekali. Mantap,5,1
Ok,5,1
cocok buat warga jogja,5,1
Luar biasa,5,1
Alhamdulillah aplikasi ini memudahkan kinerja pegawai dan warga kota jogja. Cuma masih sering ada kendala pada saat waktu presensi...,5,1
Mantap dan manfaat,5,1
Penting dan bermanfaat,5,1
Sangat membantu kami dalam memantau anak,5,1
Bagus,5,1
Aplikasinya membantu bagi Masyarakat dan ASN di lingkungan Kota Yogyakarts dalam hal pelayanan dsb.,5,1
sangat mudah,5,1
mantab,5,1
Keren dan mudah serta cepat menambah informasi,5,1
Ok,5,1
Peningkatan pelayanan prima kepada warga kota yogyakarta.,5,1
Sebuah inovasi yang sangat membantu,5,1
Bagus,5,1
"Bermanfaat sekali, tingkatkan",5,1
Sangat membantu aplikasinya,5,1
Bermanfaat dan bermartabat,5,1
Ok banget warga jadi tahu info nya,5,1
Mantul,5,1
Baik,5,1
Aplikasi yang berisi semua pelayanan pemkot jogja.. Semua layanan terintegrasi disini.. JSS Josss,5,1
Siip,5,1
"mantab dech,, sangat membantu",5,1
Mempermudah aktivitas pekerjaan,5,1
Ok ok ok ok,5,1
siip,5,1
"Aplikasi lengkap, cepat, dan mudah digunakan. Info terkini juga dapat segera diakses oleh masyarakat melalu aplikasi ini. Semoga dapat berkembang menjadi lebih baik lagi.",5,1
Sangat membantu orang tua dan warga jogja,5,1
Bagus,4,1
Aplikasi yg bagus,5,1
Mantap,5,1
Top bgt,5,1
"Semoga lebih meningkat supaya lebih cepat loadingnya, namun tetap ringan di gadget.",5,1
"Aplikasi ini sangat bermanfaat dan membantu masyarakat karena bisa di akses dimana saja, menunya juga lengkap",5,1
Aplikasi yang sangat membantu kami warga kota Yogyakarta...ğŸ‘ğŸ‘,5,1
"Jooozzzzz....,ğŸ‘ğŸ‘ğŸ‘ğŸ‘",5,1
"Lambat, pake kuota maupun wifi",5,1
Tak Perlu Ragu Jadi Profesional & Jangan lupa bahagia hari ini...,5,1
Ya baik,5,1
Aplikasi sangat bermanfaat.... Keren,5,1
Jos,5,1
Sangat bagus & sangat membantu memudah kn mendapat kn layanan kepemerintahan,5,1
Udah bagus,4,1
Love it,5,1
siip,5,1
Memudahkan berbagai macam pelayanan,5,1
Mantap banget bosku,5,1
ok,5,1
Belum pernah mempergunakan saja,5,1
Bagus bermanfaat,5,1
oke,5,1
Kok habis up date aplikasi ini.trus ga nyambung ada notifkasi aplikasi terhenti tunggu laporan,5,1
"aplikasi sangat membantu dalam urusan urusan kependudukan dan lain lain, dan tidak banyak memakai ruang penyimpanan dalam handphone",5,1
Bagus,5,1
"memudahkan, semoga terus upgrade lagi dengan fitur2 terbaiknya ya",5,1
top,5,1
Bisa mendapat info lbh lengkap!,5,1
Coba instal dulu. Aplikasi yg bagus buat warga Jogja.,5,1
semakin mudah semakin nyaman,5,1
Memudahkan pelayanan internal pegawai pemkot dan layanan publik kepada masyarakat. User interface juga friendly user ğŸ‘ğŸ½ğŸ‘ğŸ½,5,1
Mantap.,5,1
Selalu tingkatkan layanan ke masyarakat dgn cara yang lebih simple dan mudah. Mtr nwn,5,1
Mantappp bagus,5,1
praktis dalam penyampaian keluhan dan meresponnya cepat,5,1
Sangat bermanfaat bagi masyarakat Kota Yogyakarts,5,1
ğŸ‘ğŸ¼,5,1
"cepat, tepat, manfaat ğŸ‘",5,1
ğŸ‘ŒğŸ‘ŒğŸ‘ŒğŸ‘ŒğŸ‘ŒğŸ‘Œ,5,1
Mungkin untuk cctv area sleman dan tempel bisa ditambahkan,4,1
Sangat membantu,5,1
Bagus dan sangat membantu warga Saya sebagai warga kota jogja sangat bangga dengan aplikasi jss ini...,5,1
aplikasi sangat bermanfaat,5,1
Alhamdulillah lumayan,4,1
Ok lumayan membantu..,5,1
Kami membutuhkan info masuk PTN dan PTS,5,1
Optimal,5,1
Jozzzzz...,5,1
Mantap...pelayanan makin mudah..ğŸ‘ğŸ‘,5,1
Saya ingin buka jogja smart service dengan cepat,5,1
"Aplikasi ini sangat bermanfaat, akan tetapi ketika saya akan mengklik layanan dukcapil terkhusus pembuatan akta tidak bisa diklik atau tidak tersambung ke webnya... Entah hape saya yang bermasalah atau bagaimana? Mohon pencerahannya.",5,1
Bagus,5,1
Lancar oke,4,1
"Dari nenek, ayah,ibu dan saya lahir dan tinggal di jogja sejak kecil....KTP DIY kok di aplikasi terbaca warga luar kota,apkikasinya yg salah atau data dukcapilnya yg salah ya....mohon penjelasanya....terimakasih",4,1
Kok presensi hilang jeh,5,1
Jogjaku istimewa,5,1
Bagus aplikasi untuk pelayanan masyarakat,5,1
Bagus & informatif,5,1
Sempurna,5,1
"Unggah foto ktp buat pendaftaran kartu kuning kok ga bisa i piye? Mohon dijawab, terima kasih",4,1
"Saya belum pernah vaksin, bagaimana caranya",5,1
Ok sipp,5,1
Wait,5,1
Bagus,5,1
Aplikasi yg baik satu untuk semua,5,1
tobat aplikasine marai mumet,5,1
Info jogja cepat Info darurat tersedia,4,1
Mempermudah akses komunikasi orang jogjağŸ˜Š,5,1
bagus,5,1
Aplikasi satu untuk semua,5,1
Susah gabung,5,1
Absen gak bisa padahal dah di kantor.,4,1
Bisa membantu kalau ada kerusakan,5,1
Siap,5,1
Bagus,5,1
Lancar,5,1
Good,5,1
Sangat terbantu sekali oleh aplikasi JSS,5,1
Bagus,5,1
Mengapa layanan buat surat pengantar di versi yg baru malah sudah tidak ada lagi daftar warga yg akan dibuatkan surat pengantar? Padahal ini sangat membantu bagi warga yg tidak punya HP Android apalagi aplikasinya. Mohon perhatian nya.,4,1
Keren kerja cepat dan tepat,5,1
Memuaskan,5,1
Aplikasi yang bagus mantab good job,5,1
siiip,5,1
"moga2 gk ribet biar bisa menggatikan data pishik, bismillah mugo2 iso gunakr",5,1
Segala sesuatu tentang Jogja serasa dalam satu gengaman,5,1
Josss,5,1
Mantapp..!!,5,1
Mantap,5,1
Bagus,5,1
Pemkot jogja is the best,5,1
Bagus,5,1
Maju terus Jogjakita,4,1
Jossss.,5,1
Bagus,5,1
Bermanfaat,5,1
Nice,5,1
Good aplikasi,5,1
Kota Yogyakarta Istimewa,5,1
Semoga berguna biasa jd penyambung lidah rakyat Jogja,5,1
Sangat membantu,5,1
good,5,1
Aplikasi JSS memang smart,5,1
Ok,5,1
mudah,5,1
Aplikasi satu untuk semua,5,1
Mantap. Tingkatkan terus aplikasinya,5,1
Semoga kota Jogja semakin maju,5,1
kota Jogja sekarang makin bagus penataanya terutama wilayah Malioboro,5,1
Bagus,5,1
klk mau liat cctv Jogja di gogle jg ada loh,5,1
Maaf ini layanan antrian rs pratama kok tidak bisa diakses ya?,4,1
Bagus,4,1
Dengan adanya Aplikasi JSS lebih mempermudah untuk berbagai informasi dan pelayanan yang dibutuhkan masyarakat,5,1
Semakin kesini sudah semakin bagus... Semoga makin banyak manfaat bagi warga jogja,5,1
"Kini, semua bisa dalam genggaman. Maju terus kota Jogja â¤",4,1
Aplikasinya sangat membantu untuk pembuatan akta & KIA,5,1
Jos ğŸ‘ kota Jogja maju terus menuju smart city ğŸ¤©ğŸ’ª,5,1
Aplikasi bagus mantab sangat informatif dan sangat bermanfaat,5,1
Mempermudah sistem pelayanan pegawai maupun masyarakat,5,1
Harus pakai aplikasi ini untuk pelaksanaan kerja sehari-hari di Kota Yogyakarta,5,1
Siip update selalu.. cari bug nya biar jossss,5,1
"Terimakasih,",5,1
Bagus,5,1
aplikasi yang terintegrasi . semua pelayanan ada dalam satu aplikasi,5,1
Mantap sekali coy ğŸ‘ğŸ™ğŸ‘,5,1
Bagus,5,1
Sangat bermanfaat dan membantu dalam layanan kepada Masyarakat dan Pegawai,5,1
Bener2 melatih kedisiplinan....,5,1
Keren,5,1
"Maaf hari ini Senin 22 Juni 2020 saya tidak bisa melakukan presensi online, tidak diketahui sebabnya, tetapi pada tampilan halaman presensi online tidak ada opsi masuk. Apakah nanti ada klarifikasi? Karena presensi online adalah bukti masuk kerja yang diakui.",5,1
Mantul,5,1
Saya sfh ikut,5,1
Mantap,5,1
Ok,5,1
Perlu peningkatan,4,1
"Pelayananya ramah, cepat, tempatnya nyaman bgt...anak2 friendly... Bisa ngprint dokumen sndri.. Ada layanan wifi gratis.. Mantep..ğŸ‘",5,1
JSS MEMUDAHKAN PELAYANAN PABLIK SEPERTI KIR UJI EMISI KENDARAAN . LAYANAN KEPENDUDUKAN. ADUAN. JAJANAN DAN LAIN LAIN POKOK NYA JSS OKE DEH,5,1
Good,5,1
Penuh perjuangan dan kesabaran,5,1
Penting sekali,4,1
Well,5,1
Memudahkan dalam pengurusan kependudukan,5,1
Aplikasi mantap...sangat bermanfaat untuk masyarakat Kota Yogyakarta.,5,1
"Ada nya aplikasi jss begitu sangat membantu warga Jogja, seperti pengurusan KTP, KK, akta lahir dll, demi kenyamanan warga Jogja mohon terus dikembang kan",5,1
Bagus dan sangat membantu.. Sejauh ini belum ada kendala dalam pengguan aplikasi :),5,1
Mantap. Tingkatkan terus aplikasinya,5,1
Ok,5,1
Dengan jss layanan untuk pegawai dan masyarakat kota Jogja dan luar jogja semakin baik dan mudah..matur nuwun,5,1
Bisa bikin akte kelahiran? Masukin anak ke kk? Tanpa surat pengantar rt rw?,5,1
Aplikasi yang sangat bermanfaat dan lengkap. Semoga kedepannya semakin oke,5,1
Aplikasi untuk semua,5,1
Pelayanan sangat baik,5,1
"Aplikasi nya mantaapp. Sesuai dengan namanya smart service, semoga ke depan makin di perbaiki lgi sistem yang masih kurangğŸ‘",5,1
apik,5,1
"mantul, fast respon",4,1
"untuk aplikasinya bagus tapi tolong di tambahkan beberapa stasiun tv misalnya adi tv, jogja tv, kresna tv dan stasiun televisi yg ada di diy.",5,1
Saya menulis ini.. Masih muyer muyer gak mau di download...,5,1
Sip lah,5,1
Ok,5,1
Susah dibuka,4,1
Sangat baik,5,1
Ok,5,1
Cepat memberi tanggapan,5,1
ğŸ‘sngt membantu,5,1
Cctv lancar...mantap buat mantau keadaan,5,1
sangat membantu. usefulllll,5,1
Aplikasi yang sangat keren,5,1
Bermanfaat sekali untuk masyarakat Kota Yogyakarta,5,1
Aplikasinya Apik Tenan,5,1
Apik neh Nek hp jadul Yo iso lancar. Mesakke para pinisepuh sing hp ne kalah karo anak putune,4,1
Cctv'nya sekarang susah dibuka,5,1
"Aplikasi yg sangat membantu dan memudahkan masyarakat untuk urusan"" Penting",5,1
Penanganan cepat tapi tingkatkan lagi biar lebih baik,5,1
Sangat membantu,5,1
bagus banyak membantu,5,1
Perlu perbaikan,5,1
Gimana cara login WiFi free hospotnya?,4,1
Sangat bermanfaat,5,1
Aplikasinya sangat membantu mempermudah mendapat pelayanan publik dari pemerintah kota yk,5,1
Bagus sekali,5,1
Bagus,5,1
Sangat bermanfaat sekali aplikasi JSS semoga ke depan bisa ditambah fiturnya,5,1
Top,5,1
"Tolong untuk info pendaftaran vaksin diberi keterangan DOSIS KE BERAPA, agar tidak bingung, TERIMAKASIH",4,1
Aplikasi yang membantu untuk warga kota Yogyakarta. ğŸ‘,5,1
Sangat bermanfaat,5,1
trus ber semangat,5,1
",, yg j",5,1
Mudah di operasikan,5,1
"Aplikasinya oke, sangat membantu",5,1
Makin canggih dan berjaya,5,1
Ok,5,1
Ok,5,1
"Aplikasi yang bermanfaat, baik bagi warganya maupun pegawainya",5,1
"Makin mantabs Aplikasi JSS sekarang, makin banyak aplikasi layanannya, makin stabil aplikasi didalamnya, serta tampilan yang makin oke punya, semangat ya temen-temen semoga aplikasi ini bermanfaat untuk masyarakat umum dan kota jogja pada khususnya.",5,1
lumayan enteng aplikasinya,5,1
Jos,5,1
"Menu laporan saya tidak berfungsi ,tidak ada data muncul",5,1
"Aplikasi pintar,, banyak manfaat",5,1
Mantab,5,1
Alhamdllh,5,1
Bagus sip bingit....,5,1
Pelayanan ramah dan dibantu dalam pengarahan. Pertahankan pelayanan.,5,1
Kembangkan lagi,5,1
Mantap sekali boshe,5,1
Keren...,5,1
Sangat bermanfaat.,5,1
Mantap,5,1
"Satu untuk semua kebutuhan, tingkatkan lagi sistemnya biar kalau setiap akses bisa cepat loading nya. Terimakasih",5,1
Semoga makin bermafaat,5,1
Josssssh!,5,1
Semog lancar apa yang saya harapkan,5,1
Susah di download,5,1
well,5,1
Aplikasi ini sangat membantu masyarakat kota Yogyakarta,5,1
"Saya langsung beri bintang 5 tanpa basa basi, dari awal proses instalasi aplikasi, pengajuan permohonan, sampai pengambilan dokumen yang sudah jadi berjalan lancar tanpa kendala, permohonan perubahan KK secara online lsg jadi kurang dari sehari dengan pencetakan mandiri,permohonan KTP perubahan lsg jadi kurang dari setengah hari dan lsg bisa diambil ke loket mall pelayanan publik di balaikota Timoho..ada baiknya sebelum mengajukan permohonan yg diinginkan dpt disiapkan dokumenÂ² pendukung.",5,1
Mudah digunakan dan sangat membantu,5,1
"hebat,makin maju untuk Yogyakarta tercinta",5,1
memudahkan urusan,4,1
Info Kegiatan donordarah&pesan darah ke pmi blm ada ya?,5,1
Sangat bermanfaat dan komunikatif,5,1
Sangat bermanfaat dan membantu.,5,1
Menunya semakin komplit.....masyarakat semakin dimudahkan dalam mengakses layanan publik....top markotop Pemkot Jogja...,5,1
Berguna sesuai dengan nama aplikasinya sangat smart service,5,1
Inovasi yang sangat membantu dan fleksibel...mantap,5,1
Tjakep,5,1
Bagus,5,1
Top,5,1
"Sangat menarik, banyak informasi baru yang bisa diperoleh.",5,1
Bagus,5,1
ğŸ˜,5,1
Membantu masyarakat dalam layanan kependudukan dll,5,1
Bagus,5,1
Bagus,4,1
Sangat berguna dan aplikatif,5,1
Oke,5,1
Sangat terbantu saat pendaftaran vaksinasi covid19,5,1
Bagus,5,1
Maju trs Pemkot Jogja,5,1
sangat membantu!!!,5,1
Mempermudah pekerjaan,5,1
Apik,5,1
Keren lah,5,1
Good,4,1
Bagus membantu sekali,5,1
Mantap,5,1
sangat membantu,5,1
Akses Lebih cepat dari senjatanya korut,5,1
Sangat membantu warga yg ingin mengurus atau mengetahui banyak hal tentang kota Yogyakarta,5,1
Semoga bermanfaat,5,1
"Aplikasinya sangat membantu masyarakat, petugasnya ramah. Terimakasih",5,1
baik,5,1
Sangat membantulah,5,1
Belum bisa on,5,1
