content,score,sentimen,content_clean
Gak bisa loginnn woeee,1,0,login
Baik,3,0,
Masa pasport salah terus..gak jelas aplikasi ini,1,0,pasport salah aplikasi
"Hilang nomor sama hilang email susah ngurusnya,,ga bisa buat masuk lgi..parahhhhhhh",1,0,hilang nomor hilang email sulit ngurusnya masuk parah
apa ini ? buang2 kuota internet,1,0,buang kuota internet
Lama proses aktivasinya sudah lebih dari 1 jam gk selesaiÂ² apa janganÂ² petugasnya lgi bobok atau apa?,1,0,proses aktivasinya jam selesai tugas bobok
agak lama nunggu kiriman password.,3,0,tunggu kirim password
"Tolong akses CCTV diperbaiki, skrg tbtb ndak bisa dipakaiğŸ™",2,0,akses cctv baik tbtb pakai
Warga Jogja dikasih vaksin yg biasa (sinovac) warga non jogja malah di kasih vaksin yg bagus (moderna). Sangat memihak ğŸ‘ğŸ‘ğŸ‘,2,0,warga yogyakarta kasih vaksin sinovac warga yogyakarta kasih vaksin bagus moderna
Yg di dalam teras 2 ga bisa di lihat dari aplikasi ini. Jadi kurang bagus....,1,0,teras lihat aplikasi bagus
Pada saat sy aktivasi pertama kali terdapat kesalahan ketik utk NIK sehingga sy dinyatakan sebagai penduduk luar kota Yogyakarta. Harusnya 3471xxx tp kebalik 3741xxx. Untuk pembetulan NIK ini bagaimana caranya? Tanpa harus ganti email dan No HP. Terima kasih,3,0,aktivasi salah ketik nik nyata duduk kota yogyakarta xxx balik xxx betul nik ganti email hp terima kasih
Tombol daftar ny ngumpet dimana,1,0,tombol daftar ngumpet
"Parah,gagal terus di akhir proses",1,0,parah gagal proses
Pendaftaran vaksin gk bs di buka...cm halaman putih aja,1,0,daftar vaksin buka halaman putih
Agak lemot,2,0,lot
"Buka Aplikasi JSS Saat masuk ke Layanan, tidak bisa memakai data seluler, kenapa harus pakai wifi?",2,0,buka aplikasi yogyakarta smart service masuk layan pakai data seluler pakai wifi
Bagus,3,0,bagus
"Kenapa pas permohonan ektp buat yg domisili ktp luar jogja tdk bsa sya cmn mau nunut Cetak ulang krna ktp sya rusak dn itu ktny tdk bsa hrus di tmpt kta tinggl sehrus ny bsa lhoo mnrut pak zudan tp dilapangan nyatanya diputar""",1,0,pas mohon ektp domisili ktp yogyakarta nunut cetak ulang ktp rusak ktny kta tinggl sehrus lhoo mnrut zudan lapang putar
setidaknya jngn prank lah...,1,0,prank
"Buat apa aplikasi ini eg ada fungsinya, sy warga ktp kota jogja sdh pernah menggadu diaplikasi ini, eh mau laporan lagi malah eg bisa ke kirim tolong dibenahi, aku laporan pengajuan lampu baru go akses masjid neng gonku e rung dikabulke",2,0,aplikasi eg fungsi warga ktp kota yogyakarta menggadu aplikasi lapor eg kirim benah lapor aju lampu akses masjid neng gonku rung dikabulke
Tolong buat versi ios untuk pengguna iphone. Makasih,1,0,versi ios guna iphone terima kasih
"Saya sdh wa utk perubahan C1 sdh seminggu perubahan nya blm jg dikirim baik lewat wa atau email, saya komplain lewat wa yg sama ttp tdk ad respon. Terpaksa saya dftar lg utk perubahan ktp dan c1 lg.... lwat fitur jss pun jg akhirnya wa lg dan wa lg ... seperti muter2 saja.",1,0,wa ubah minggu ubah kirim wa email komplain wa respon paksa dftar ubah ktp lwat fitur yogyakarta smart service wa wa putar
Aneh,1,0,aneh
Sudah beberapa warga RT sy yang mencoba fitur pengaduan prasarana PJU kesulitan ketika memilih lokasi...,3,0,warga rt coba fitur adu prasarana pju sulit pilih lokasi
Aplikasi jelek mau login pake nama sendiri masak gak bisa dah di pake orang lain katanya...,1,0,aplikasi jelek login pakai nama masak pakai orang
Gimana cara Promosi jualan ke DODOLAN ko susah bgt lemot,1,0,promosi jual dodol sulit lot
"Ini sangat tidak evektif sekali, bahkan membuat masarakatnya bolak balik, sistem, terlalu riber, saya pikir bisa memangkas waktu dan memudahkan semua urusan yg bersangkutan dengan data diri. Ternyata tidak membantu sama sekali.",1,0,evektif masarakatnya bolak sistem riber pikir mangkas mudah urus sangkut data bantu
Udah download mau login aja susah banget... aplikasi ga guna..,1,0,download login sulit aplikasi
"Saya baru daftar pada jss, sehingga belum mengetahui dan manfaat jss",3,0,daftar yogyakarta smart service manfaat yogyakarta smart service
"Dan pada intinya untuk pengurusan surat di kelurahan/kecamatan tetep menggunakan surat fisik yg akhirnya 2x kerja. Klo memang kepengurusan surat menyurat tidak bisa pake aplikasi ataupun aplikasi belum bisa bekerja secara maksimal tolong di jelaskan detail untuk yg sudah terlaksana atau belum terlaksana itu pengurusan surat apa saja agar ""JELAS"". Biar tidak bikin rancu 2x kerja, jelaskan juga syarat syarat yg harus di upload di aplikasi apa saja itu baru smart service.",1,0,inti urus surat lurah camat surat fisik kerja urus surat surat pakai aplikasi aplikasi maksimal detail laksana laksana urus surat biar rancu kerja syarat syarat upload aplikasi smart service
Slow respon.. pertanyaan saya 1 minggu tidak di jawab.. uninstall aja..,1,0,slow respon minggu uninstall
Aplikasi rusak,1,0,aplikasi rusak
"Mau ngurus ktp hilang, tapi registrasinya suruh foto ktp dan swafoto sambil megang ktp, tolong bikin aplikasi yang logis lah",1,0,urus ktp hilang registrasi suruh foto ktp swafoto megang ktp aplikasi logis
Sering update terus tp sama aja masih sering lemot bikin penyimpanan banyak lagi. Tolong diperbaiki,2,0,update lot simpan baik
ga fungsi...uda daftar gangguan terus,1,0,fungsi daftar ganggu
"Foto profil nya eror ga bisa di ubah, jadi saya ga sengaja klik foto yang salah pas mau di ganti lagi ga bisa padahal udah ada tulisan ""foto profil anda berhasil di ubah"" dan udah saya refreshÂ² juga tetap ga bisa tolong di perbaiki",2,0,foto profil error ubah sengaja klik foto salah pas ganti tulis foto profil hasil ubah refresh baik
"Pernah daftar, mau masuk lagi lupa password, ngga ada bantuan apa gtu biar masuk lagi, susahnyaaa",2,0,daftar masuk lupa password bantu biar masuk susahnyaaa
"Katanya sih udah sukses pendaftaran, tp link dr whatsapp tidak stuck. Percuma dong isi data dr td tp gagal donggggg tetep kudu bikin manual kekantor. Zzzzz",2,0,sukses daftar link whatsapp stuck isi data gagal donggggg manual kantor zzzzz
"Sangat membantu, tetap semangat jogja",3,0,bantu semangat yogyakarta
"mau daftar vaksin buat adik saya di aplikasi jss udah login udah klik tombok vaksinasi suruh daftar lewat wa,nah udah di wa malah di suruh daftar lewat aplikasi jss lagi.buka aplikasi jss juga sering eror eror terus njok masyarakat kon kepiye?saya sebagai warga sangat kecewa dengan aplikasi jss bukannya mempermudah masyarakat melainkan malah mempersulit.mohon lebih di perbaiki lagi.sekian kritikan dari saya semoga di lihat di dengarkan dan di laksanakan untuk perbaikan aplikasinya.Matur SuwunğŸ™",1,0,daftar vaksin adik aplikasi yogyakarta smart service login klik tombok vaksinasi suruh daftar wa wa suruh daftar aplikasi yogyakarta smart service buka aplikasi yogyakarta smart service error error njok masyarakat kon kepiye warga kecewa aplikasi yogyakarta smart service mudah masyarakat sulit mohon baik sekian kritik moga lihat dengar laksana baik aplikasi matur suwun
"Aplikasi cacat,,,log out trus....cape",1,0,aplikasi cacat log out cape
"Mau chat CS nya ga bisa bisa mulu. Cuma layar putih doang, padahal sinyal bagus",2,0,chat cs layar putih doang sinyal bagus
Untuk membuat akun awal selalu gagal di foto KTP apalagi mau mempergunakan aplikasi JJS ğŸ¤¦,1,0,akun gagal foto ktp aplikasi jjs
Kemarin untuk daftar pelatihan bisa Namun untuk pelayanan kel&kec dan beberapa keperluan lain tidak bisa Selalu kembali ke halaman awal,3,0,kemarin daftar latih layan kel kec perlu halaman
Harus lebih ditingkatkan lagi,3,0,tingkat
Untuk wilayah Sleman belum bisa akses..kembangin lagi,3,0,wilayah sleman akses kembangin
aplikasi presensi online kurang merakyat,1,0,aplikasi presensi online rakyat
error terus,1,0,error
Setelah diupdate mlh susah..bgus an kmrin,1,0,diupdate sulit bagus kmrin
Payah... Setelah diupdate malah nge lef terus,1,0,payah diupdate lag
Untuk apa diberi pilihan bayar tetapi tidak ada pilihannya??? Memakai jss supaya cepat malah bikin buang buang waktu,1,0,pilih bayar pilih pakai yogyakarta smart service cepat buang buang
"Cctv nya kurang rata, gabisa mantau cowoku jalan sama selingkuhannya",3,0,cctv mantau cowoku jalan selingkuh
Kok sekarang ngak bisa buat login wifi si kot pemkot pekok,1,0,login wifi kot perintah kota kok
Bad application is difficult to login,1,0,bad aplikasi difficult login
Sering gag konek harus sering meng install ulang.,1,0,connect install ulang
"Pelayanan KTP tdk bisa di klik, layanan WA tdk ada respon, Tanya ke Balai Kota diarahkan lagi ke Jss... Padahal Aplikasinya selalu error",1,0,layan ktp klik layan wa respon balai kota arah yogyakarta smart service aplikasi error
"susah untuk masuk, setiap masuk harus ganti pasword. perbaiki layanannya dong. Bikikn pusing.",2,0,sulit masuk masuk ganti password baik layan pusing
Coba dululah...,3,0,coba dululah
Tul,3,0,
"KTP KU HILANG BAPAK/IBU, MAU LOGIN SWAVIDEO GIMANA KTP ASLINYA AJA HILANG COBA. GANTILAH PAKE KK KAN BISA, BAPAK/IBU. MAKANYA KENAPA SAYA LOGIN KE JSS KARNA INGIN MENGAJUKAN PENGGANTIAN KTP. YAA ALLAH T_T",1,0,ktp hilang login swavideo ktp asli hilang coba ganti pakai login yogyakarta smart service aju ganti ktp allah
kurang cepat responnya,3,0,cepat responnya
Saya mau daftar vaksin kok Gk bisa tlg dibantu...,1,0,daftar vaksin bantu
"Lemot parah , mau daftar vaksin sulit.",1,0,lot parah daftar vaksin sulit
Sinyal kurang baik,3,0,sinyal
"Mau daftar,ngisi data diri, pas foto ktp kok cuma putih semua.. gimana ambil fotonya?",2,0,daftar isi data pas foto ktp putih ambil foto
Tri Krismilah,1,0,tri krismilah
Kecewa banget. Error apa gimana gatau...pas klik pendaftaran vaksin (sebelum daftar) bisa trs kalau mau masuk harus punya akun dulu. Pas udah daftar akun gabisa di klik dong...kesel banget...kukira ngaruh sama jam mulai pukul 8 ternyata sama aja,1,0,kecewa error pas klik daftar vaksin daftar masuk akun pas daftar akun klik kesal kira ngaruh jam
"Tolong untuk WiFi daerah RT 27 RW 06 sangat jelek, bahkan tidak bisa di pakai",2,0,wifi daerah rt rw jelek pakai
Buat daftar pas pegang ktp sama selfie.loding smpe seharian gabisa di prosesssss,1,0,daftar pas pegang ktp selfie loading hari prosesssss
Aplikasi bagus dan udah instal baru sadar kalau ini aplikasi sepertinya hanya untuk jogja kota.kecewa yaaaa..!!!ğŸ˜‚ğŸ˜‚ğŸ˜‚,2,0,aplikasi bagus install sadar aplikasi yogyakarta kota kecewa yaaaa
Gak bisa daftar akun kok minta update. Susah banget daftar akun. Padahal penting banget. Ya weslah...,1,0,daftar akun update sulit daftar akun weslah
saya tidak bisa login padahal udah daftar. gimna ini?,1,0,login daftar
Aplikasi RIBET!!!!Urusan gampang malah dadi rumit...ganti wae wong2an e,1,0,aplikasi ribet urus gampang dadi rumit ganti wae
"Ngurus ktp sejak tanggal 24 juni sampai tanggal 7 juli belu jadi proses ribet sekali ,, bikin ribet malah bikin lama prosesnya",1,0,urus ktp tanggal juni tanggal juli proses ribet ribet proses
Sering bermasalah dan tanda jari tdk muncul shg pegawai gagal finger dan kena potongan TPP,1,0,masalah tanda jari muncul shg pegawai gagal finger kena potong tpp
Awal doang bagus.. Sekarang gk guna banyak bermasalah..,1,0,doang bagus masalah
"Wifinya ndak bisa conect , sering muncul notifikasi : "" situs ini tidak bisa menyediakan jaringan yang aman "" kenapa tuh ?",1,0,wifinya conect muncul notifikasi situs sedia jaring aman
"Kl blm siap dgn sistem online, mending g usah aja.. jujur ini malah lbh lama dan menyulitkan proses nya.. bukannya Simple or praktis tp mlh ribet.. hrs d wa dl petugasnya.. ujungnya suruh isi ulang.. dah lah.. dasar negara berflower.. birokrasi nya emg g bs berubah.. harusnya sih bintang 0 saja.. serius.. ini blibet bgt.. g guna layanan aplikasi onlen ini.. dua bulan coyy ngurusnya.. makan ati.. mending makan ati asli.. ini gawe dongkol",1,0,sistem online mending jujur sulit proses simpel praktis ribet wa tugas ujung suruh isi ulang dasar negara berflower birokrasi ubah bintang serius blibet layan aplikasi online coyy ngurusnya makan ati mending makan ati asli gawe dongkol
Pkay,3,0,oke
Gabisa umum,2,0,
"Saya sudah daftar tapi gagal karena NIK terdeteksi bukan warga DIY. padahal sy DIY asli. Terpaksa, sy un instal krn tdk ada fungsinya",2,0,daftar gagal nik deteksi warga yogyakarta yogyakarta asli paksa install fungsi
CAHYO,3,0,
"Aplikasi yang bukan aplikasi, melainkan shortcut menuju web adress yang diarahkan melalui browser.",1,0,aplikasi aplikasi shortcut web adress arah browser
"Pendaftaran perlu foto KTP dan foto KTP dengan diri sendiri. Aplikasi nasional sejenis peduli lindungi aja ga perlu swafoto diri dengan KTP. Saya ragu pemerintah bisa jaga data. Lagi pula untuk apa swafoto dengan KTP. Salah salah mengamankan data, jika dicuri bisa dijadikan pinjol dan kejahatan lainnya. Sangat tidak ramah dengan privasi",1,0,daftar foto ktp foto ktp aplikasi nasional jenis peduli lindung swafoto ktp ragu perintah jaga data swafoto ktp salah salah aman data curi jadi pinjol jahat ramah privasi
"Sayang , hanya untuk kota,,, semoga kedepan bisa menjangkau wilayah2 yg masuk kedalam DIY. Trimksih,,,ğŸ˜‰",3,0,sayang kota moga jangkau wilayah masuk dalam yogyakarta trimksih
Sering error untk absen pegawai,2,0,error absen pegawai
offline semua.. ğŸ¥±,1,0,offline
ngirim file tidak bisa alias bug masih ada,3,0,kirim file alias bug
Ah aplikasi marai emosi Lemot servernya upload gak selesaiÂ² Niat baik tp server gak baik,2,0,aplikasi mara emosi lot servernya upload selesai niat server
Alah ribet,1,0,alah ribet
Pelayanan yang berbelit belit dan plinplan....,1,0,layan belit belit plinplan
Aplikasi gak jelas masa saat verifikasi gagal terus,1,0,aplikasi verifikasi gagal
Susah aplikasinya.. Ngurus Apa apa harus online kasian untuk orang2 yang gapunya hp.. Saya datang ke capil disuruh download apl ini bukanya dipermudah malah dipersulit.. Dari 3 hr lalu gabisa dibuka tiap tabnya selalu warna putih.. Tolong untuk pegawai pemerintah mohon dengan sangat jangan dipersulit..,1,0,sulit aplikasi urus online kasihan orang hp capil suruh download aplikasi buka mudah sulit buka tabnya warna putih pegawai perintah mohon sulit
Tidak membantu sama sekali....payah,1,0,bantu payah
Gagal buat akun padahal ktp e yg buat pemerintah....lucu apk nya,1,0,gagal akun ktp perintah lucu aplikasi
Lambat sering error,2,0,lambat error
ra mutu,1,0,mutu
Cctv gak bisa terbuka....barusaja pembaharuan,3,0,cctv buka barusaja baru
KENAPA SAAT AKU MAU MASUK KE APK KADANG KADANG GAK BISA . TOLONG DI PERBAIKI YA,2,0,masuk aplikasi kadang kadang baik
"Semua diarahkan ke aplikasi , sedangkan aplikasi belum siap , saya daftar vaksin tidak ada pemberitahuan sms, ada pemberitahuan lewat aplikasi tapi di sore hari hari , padahal vaksinnya siang , trus untuk penjadwalan ulang vaksin kapan ? Diaplikasi untuk pembatalan tiket vaksin aja tidak ada respon sudah ada 1 minggu. Trus saya jadi tidak bisa ikut vaksin di lain tempat , tolong ini min direspon",1,0,arah aplikasi aplikasi daftar vaksin pemberitahuan sms pemberitahuan aplikasi sore vaksin siang jadwal ulang vaksin aplikasi batal tiket vaksin respon minggu vaksin direspon
Semoga lebih baik lagi,3,0,moga
Mau daftar trs mau login tp kk susah gk bisa2 padahal data sudah sesuai Kartu Identitas,2,0,daftar login sulit data sesuai kartu identitas
"Akses sering error,cukup mengecewakan",2,0,akses error kecewa
Tiap masuk wifi pemkot mental terus,1,0,masuk wifi perintah kota mental
"Lek tulong, daftar baru trus udah dapet link tp bar di klik loading terus""an, gaiso login njuk nek arep ngurus opo"" kudu login. Njuk aku nginstal iki gunane kur ngebaki memori?",2,0,lek tulong daftar link bar klik loading gaiso login njuk nek arep urus opo login njuk menginstal gunane kur ngebaki memori
Ra genah masa server pemerintah eror bug sperti ini... Gimana ini programer nya .? Bisa di BUG HUNTER sama Hacker kecolongan data dah,1,0,server perintah error bug programer bug hunter hacker colong data
Gila parah bgt daftar buat ngurus perubahan data aja lama bgt dah dicoba sampek berkali kali tetep aja gak bisa padahal udah pake wifi sampe 2hari parah bgt sampek dateng ke balkot juga ttep gak bsa harus pake jss astagaa gak kelar2 urusan,1,0,gila parah daftar urus ubah data coba kali pakai wifi parah balkot pakai yogyakarta smart service astagaa kelar urus
"Saya kecewa padahal saya asli orang Jogja dr kecil,tapi pas saya daftar katanya nik saya bukan orang Jogja ğŸ˜­ğŸ˜­ğŸ˜­ğŸ˜­ğŸ˜­",2,0,kecewa asli orang yogyakarta pas daftar nik orang yogyakarta
"Aplikasi msh sering trouble,jd msh perlu disempurnakan",3,0,aplikasi trouble sempurna
"Jelek dan sering troble jss, terlihat pemerintah kota sendiri seperti tidak siap dan terkesan di paksakan, dari infrastruktur pendukung, kualitas sdm untuk pengembangan dan perawatan tidak mumpuni di bidangnya. Saran kedepan pemerintah harusnya berfokus pada skil, pengalaman ataupun keterampilan dalam perekrutan SDM, jangan cumua ijasah dan test tertulis doank, karna teori sama praktek beda jauh, kedepan pemkot harus berkaca dari luar negri mereka tidak berfokus pada ijasah tapi skil.",1,0,jelek troble yogyakarta smart service perintah kota kes paksa infrastruktur dukung kualitas sdm kembang awat mumpuni bidang saran perintah fokus skill alam terampil rekrut sdm cumua ijasah test tulis teori praktek beda perintah kota kaca negri fokus ijasah skill
"Aplikasinya sama sekali gak ngebantu...mau login ke linknya ajha susah bener, tulisannya terjadi kesalahan terus, sama gak bisa dibuka.. Tolong apliaksi nya diperbaiki lagi, agar memudahkan masyarakat, sama saja kalau ada aplikasi jss tp tidak bisa digunakan..ujung""nya harus ke balkot jga...",2,0,aplikasi ngebantu login linknya ajha sulit tulis salah buka apliaksi baik mudah masyarakat aplikasi yogyakarta smart service ujung balkot
Payah susah buat login,1,0,payah sulit login
Lama prosesnya,1,0,proses
Bauk,3,0,
Aplikasi rusak,1,0,aplikasi rusak
Siiip,3,0,sip
Kurang bagus...,2,0,bagus
Sudah 8x percobaan mengisi dan meng-upload berkas....sinyal selalu gagal tersambung...!!!!!! Aplikasi cacat..!!!! Pdhal sinyal aman2 saja buat yang Lain.,1,0,coba isi upload berkas sinyal gagal sambung aplikasi cacat sinyal aman
Saya Jafar Nurrohman tunanetra dari Jogja Mohon maaf untuk Jogja Smart Service untuk tunanetra sangat tidak membantu karena banyak sekali fitur-fitur yang tidak di bisa dibuka oleh layanan t a l k b a c k demikian harap dijadikan Pirsa dan Mohon untuk diperbaiki dan disempurnakan kembali,1,0,jafar nurrohman tunanetra yogyakarta mohon maaf yogyakarta smart service tunanetra bantu fitur fitur buka layan harap jadi pirsa mohon baik sempurna
Gakk bisaa terusss !!!,1,0,gakk terusss
Sudah 4 hari daftar masih muter aja blm bisa masuk aplikasi parah jelekny,1,0,daftar putar masuk aplikasi parah jelekny
Diinstal susah banget..bolak balik ke menu..setelah terinstal aplikasinya tidak muncul di layar hp,3,0,diinstal sulit bolak menu terinstal aplikasi muncul layar hp
"Ini mau daftar KTP malah nge direct ke website, tapi di website diarahkan lagi untuk daftar via aplikasi... Mubeng2 jal",1,0,daftar ktp direct website website arah daftar via aplikasi mubeng jal
"Buat 4 akun Sudah 2 hari cuma muter semua belum bisa di gunakan , mohon di perbaiki apanya gitu biar proses pendaftaran ya bisa lebih cepat, kalo belum siap pakai aplikasi mending pakai WA aja dulu kaya kemarin",2,0,akun putar mohon baik apa biar proses daftar cepat pakai aplikasi mending pakai wa kaya kemarin
JSS nya sering tdk konek...ğŸ˜“ğŸ˜“ğŸ˜“,1,0,yogyakarta smart service connect
Aplikasi gak guna sudah terdaftar tp suruh login terus aneh tolong di perbaiki,1,0,aplikasi daftar suruh login aneh baik
"bosok, g guna, daftar ajah dpersulit",1,0,bosok daftar sulit
kok tidak bisa lihat full balasan dari pertanyaan saya ?,2,0,lihat full balas
"Ngurus akta kematian dipersulit... Datang langsung ke dukcapil, disuruh daftar dulu lewat jss.. ini maunya gimana? Sedangkan jss sendiri banyak masalah... Bayar yg banyak gih buat developer nya.. biar kerjanya bener.",1,0,urus akta mati sulit langsung dukcapil suruh daftar yogyakarta smart service mau yogyakarta smart service bayar gih developer biar kerja
"Tidak ada yg bisa menjelaskan, yg jawab robot, untuk saya yg sudah lansia tidak jelas, monggo diperbaiki ada cs yg bisa dihubungi",1,0,robot lansia monggo baik cs hubung
pas mau masuk kenapa minta verifikasi trus si,3,0,pas masuk verifikasi
Stop working di tablet Lenovo saya,1,0,stop working tablet lenovo
"Mau daftar kok susah bgt muter"" trs ke menu utama ğŸ˜–",2,0,daftar sulit putar menu utama
"Mosok warga luar kota jogja, ndak bisa mendaftarkan ortu yang tinggal di kota mau periksa di puskesmas kota",1,0,mosok warga kota yogyakarta daftar ortu tinggal kota periksa puskesmas kota
"Mau update data perkawinan ya Allah ampe dari bulan lalu dicoba trus g bisa , masukin foto kk dll g bisa ğŸ˜£ pusing aing",1,0,update data kawin allah coba masuk foto pusing aing
Masuk susah terlalu rumit sudah bikin akun usser sama password sudah bener tetep aja salah kecewa,1,0,masuk sulit rumit akun usser password salah kecewa
Gak bisa login,1,0,login
"Minta tolong diperbaiki untuk aplikasi dan sistemnya, terutama di tahap pendaftarannya trouble sekaliğŸ˜­",3,0,baik aplikasi sistem tahap daftar trouble
Aplikasi koq banyak error nya,2,0,aplikasi error
"Belum bisa menggunakan jss ,carane",1,0,yogyakarta smart service carane
aplikasi nya kurang bagus karena tidak bisa pakai wifi,1,0,aplikasi bagus pakai wifi
lambat,1,0,lambat
Udah lama-lama buat akun cek pbb sleman malah ga bisa. Kirain punya provinsi ternyata cuma sebatas Kota Yogyakarta doang. Mending langsung cek e-commerce,1,0,akun cek pbb sleman kirain provinsi batas kota yogyakarta doang mending langsung cek commerce
sdh aku daftar berulang kali ttp nggak bisa daftar ğŸ™„,1,0,daftar ulang daftar
"Kurang bagus, jelek, tidak bisa reset password",2,0,bagus jelek reset password
"aplikasibagus, menuju Jogja smart city, apk masih perlu perbaikan. salah satu contohnya seperti akses cctv belum bisa diakses.",3,0,aplikasibagus yogyakarta smart city aplikasi baik salah contoh akses cctv akses
"Udah daftar disuruh aktivasi ulang. Udah kirim pesan, operator nya online tapi gak ada responnya. 3 hari ditunggu ga di acc. Niat ga sih??",1,0,daftar suruh aktivasi ulang kirim pesan operator online responnya tunggu acc niat
Gak bisa play CCTV min..udah coba ganti 5-6 titik CCTV sama semua error 'video can't be played'. Tolong segera diperbaiki min..thanks,3,0,play cctv coba ganti titik cctv error video can played baik terima kasih
Sama sekali tdk mmbntu..,1,0,bantu
Sangat membatu bagi warga jogya,3,0,bantu warga jogya
Bintang 3 Dulu.. Kok gk bs Daftar Vaksin ya?? Katanya bs dipake tgl 10 Juli.. Ini dh tgl 04 Oktober.. Gimana cara nya??,3,0,bintang daftar vaksin pakai juli oktober
Susah Untuk live CCTV.. Terlalu Berat Datanya untuk live.,2,0,sulit live cctv berat data live
Mau bikin laporan gangguan pdam gak bisa2.,1,0,lapor ganggu pdam
Ikutan rating jelek aja,1,0,ikut rating jelek
Lag WiFi,3,0,lag wifi
Susah mendaftar di jjs smart,3,0,sulit daftar jjs smart
Okay,3,0,oke
"Aplikasinya bagus tapi, Kurang memuaskan karna akses layanan sy ditolak padahal saya sudah menjadi warga Jogja. Walaupun saya hanya warga pendatang. Tetapi saya sudah mencabut berkas dari daerah asal dan seluruhnya menjadi warga Jogja. Akses Layanan Akte kelahiran juga susah, padahal saya adalah ibu kandung masa harus lampiran surat kuasa. Tolong upgrate lagi Aplikasinya agar lebih baik lagi. Trima kasih",3,0,aplikasi bagus muas akses layan tolak warga yogyakarta warga datang cabut berkas daerah warga yogyakarta akses layan akte lahir sulit kandung lampir surat kuasa upgrate aplikasi terima kasih
Aplikasi yang bagus. Sayang saya tidak bisa mengakses beberapa layanan karena ktp luar kota walau saya sudah beberapa tahun disini.,3,0,aplikasi bagus sayang akses layan ktp kota
Respon chat livenya terlalu lama kurang fast respon,3,0,respon chat livenya fast respon
"Parah data gw nggak ada, tulisannya hubungi helpdesk untuk di daftar manual. Eh, helpdesk nya dihubungin malah nggak pernah respon. Nggak niat emang buat layanan. Atau emang belum siap. Sekelas Jogja kok layanan ITnya gini. Parah.",1,0,parah data tulis hubung helpdesk daftar manual helpdesk dihubungin respon niat layan kelas yogyakarta layan itnya parah
app apa ini. susah bgt mau login harus aktivasi ulang2. gabisa2.,1,0,aplikasi sulit login aktivasi ulang
"Sama sekali tidak ada manfaat,kemudahan dan ke simple an, malah bikin ruwet,mau daftar vaksin aja ruwetnya ampuuun..gak pernah di update. Perbaiki dulu dan bener2 profesional kalau mau bikin aplikasi. Maaf bintang 1 aja deh",1,0,manfaat mudah simpel ruwet daftar vaksin ruwet ampuuun update baik profesional aplikasi maaf bintang
Bagus,3,0,bagus
Sulit,1,0,sulit
susah nggak seperti yg di gembar gemborkan...,1,0,sulit gembar gembor
"kok ilang dewe. rajelas tenan. Parah ,raono balesan,sering err. Raiso otomatis. Ribet. Bajingan ra jelas",1,0,hilang dewe rajelas tenan parah raono balesan err raiso otomatis ribet bajing
Sangat membantu,3,0,bantu
Mana muter2 terus,1,0,putar
"ini aplikasi pemerintahan tapi mau buka kuk malah masuk iklan2, mohon diperbaiki",3,0,aplikasi perintah buka kuk masuk iklan mohon baik
"update jss versi 3.0.123 terbaru wifi free hotspot tidak berfungsi d imanapun ,tolong diperbaiki",1,0,update yogyakarta smart service versi baru wifi free hotspot fungsi imanapun baik
Pendaftaran vaksin tutup trs......,1,0,daftar vaksin tutup
Sudah lebih baik,3,0,
"pelayanan khusus warga jogja KOTA saja.. beda deskripsi sama di w.a (helpdesk) tertera ""melayani vaksinasi luar kota"" padahal saya hanya beda kabupaten saja",1,0,layan khusus warga yogyakarta kota beda deskripsi helpdesk tera layan vaksinasi kota beda kabupaten
Syarat dan ketentuan kok bhs inggris....ra dong aku...ra sido,1,0,syarat tentu bhs inggris sido
"Mau akses wifi gabisa. Padahal udah daftar, udah verifikasi, akun sudah jadi. Tp gabisa akses wifi Jogja.... Serasa dibohongi",2,0,akses wifi daftar verifikasi akun akses wifi yogyakarta serasa bohong
"Untuk mengurus akta kematian saja, ribetnya minta ampun... Diulang berapa kalipun tetap ujung-ujungnya gagal",2,0,urus akta mati ribetnya ampun ulang kali ujung ujung gagal
"Aplikasi kurang protektif untuk pengguna.... 1. Mau masuk daftar login no nik / usser name angka yg sesuai identitas sya kok bisa sudah dipakai orang lain,, seolah data pribadi kita bisa diliat di aplikasi ini 2. Sya yg asli malah gak bisa daftar karena dipakai pengguna lain, disuruh masukan nik yg lain, tpi malah muncul identitas oramg lain lagi, hadeuhhhh",1,0,aplikasi protektif guna masuk daftar login nik usser name angka sesuai identitas pakai orang data pribadi liat aplikasi asli daftar pakai guna suruh masuk nik muncul identitas oramg hadeuhhhh
Gmn si ni apl tiap login ke wifi gk bisaaa,3,0,aplikasi login wifi bisaaa
TRASHHHHHHHHHHH,1,0,
Gak guna mi,1,0,
Aplikasi belum maksimal,1,0,aplikasi maksimal
Setelah diupgrade malah tidak bisa dibuka...hapus saja tidak bermanfaat menghabiskan kouta sajağŸ˜¬ğŸ˜¬,1,0,diupgrade buka hapus manfaat habis kuota
"mau registrasi aja lama,dari pagi sampe siang masih aja dlm proses",3,0,registrasi pagi siang proses
Pelayanan tidak memuaskan malah makin lama,1,0,layan muas
"notif ganggu banget, suaranyaa nyebelin TENG TENG TENG TENG TENG apa lagi kalo pas lgi kumpul2 kerja miting malah jadi malu ditambah notifnya gabisa ilang di atas",1,0,notifikasi ganggu suaranyaa sebal pas kumpul kerja miting malu tambah notifnya hilang
Sudah memakai jaringan yang cepat pun pemuatan aplikasi masih sangat lambat. Tolong diperbaiki,2,0,pakai jaring cepat muat aplikasi lambat baik
"Kurang terintegrasi dgn keseluruhan sub sistem, mkshğŸ™",2,0,integrasi sub sistem terima kasih
"Bagi yang tidak bisa login maupun susah daftar atau masalah lainnya, langsung aja hubungi JSS di help desk",1,0,login sulit daftar langsung hubung yogyakarta smart service help desk
Login tidak bisaaaa.,1,0,login bisaaaa
"Layanan daftar online, tapi jam kerja cuma sampai jam 12.00, selebihnya ditolak. Nek males, golek penak, rasah kerjo sisan wae mas. Turu wae ning omah penak.",1,0,layan daftar online jam kerja jam lebih tolak nek malas golek penak rasah kerjo sis wae turu wae ning omah penak
Kenapa free hotspot skrg gabisa login,1,0,free hotspot login
terlalu lamban,1,0,lamban
Gagal trs di proses akhirnya .sulit bgt,3,0,gagal proses sulit
kenapa ya dari awal sampai sekarang ini lebih sering tidak bisa membuka aplikasi dengan alasan karena dalam perbaikan....,2,0,buka aplikasi alas baik
Bagusss sih bisa utk acuan,3,0,bagus acu
"Katanya Smart sevice, tapi bagian CCTV ga bisa di akses. ğŸ™„ğŸ™„",2,0,smart sevice cctv akses
"Aplikasi Bagus, mungkin bisa cari penyedia layanan hosting yang lebih baik dan ternama agar tidak terjadi down ketika banyak user yang akses",3,0,aplikasi bagus cari sedia layan hosting nama down user akses
"Aku gak instal dulu, soalnya dr reviewnya aja aplikasi ini belum beres",1,0,install reviewnya aplikasi beres
Tidak bisa login,1,0,login
semakin bagus dan komunikatif,3,0,bagus komunikatif
"Bolan-baleni nglebokke NIK dan sesuai prosedur tapi gagal masuk... Uninstall meneh, semoga ada perbaikan. Tetep semangat & ikhlas melayani masyarakat nggih...",1,0,bol balen nglebokke nik sesuai prosedur gagal masuk uninstall teh moga baik semangat ikhlas layan masyarakat nggih
"tidak bisa di operasikan setelah di upgrade ke jss yg baru,,,",1,0,operasi upgrade yogyakarta smart service
"tidak bisa daftar,tombol daftarnya ridak kelihatan dan tidak bisa di scroll ke bawah. mohon perbaikan, terima kasih",2,0,daftar tombol daftar ridak scroll mohon baik terima kasih
Mau update malah mandek ditengah jalan alhasil macet,3,0,update mandek tengah jalan alhasil macet
Masuk ke registrasinya lama bnget ya,3,0,masuk registrasi banget
Membalas pesan Membuat pengaduan Hampir semua tidak bisa diakses dengan keterangan hanya untuk warga kota jogjakarta.. Padahal dengan jelas data yg saya punya untuk mendaftar juga ktp kota jogja.. Mohon diperbaiki,1,0,balas pesan adu akses terang warga kota jogjakarta data daftar ktp kota yogyakarta mohon baik
Mohon untuk akses cctv dapat dibuka untuk agar pengguna dapat maksimal dalam menerima manfaat aplikasi ini,3,0,mohon akses cctv buka guna maksimal terima manfaat aplikasi
Di klik go bisa2,1,0,klik
selalu tambah inovasi baru,3,0,inovasi
"Kok pas lagi mau ngeseks WiFi nya malah di suruh login padahal saya sudah login akun jss, kok jadi ke log out sendiri ya, tolong di perbaikin ya ğŸ™ğŸ™ğŸ™",2,0,pas ngeseks wifi suruh login login akun yogyakarta smart service log out baik
Prek apl eror eror buat aplikasi yang bener nunggu kelamaan as buh. Gimama Indonesia dan jogja mau maju jika seperti ini,1,0,prek aplikasi error error aplikasi tunggu as buh gimama indonesia yogyakarta maju
Ini kok fitur nya membingung kan ya ... Loading nya lama bgt trs kurang jelas juga ..,2,0,fitur bingung loading
Ealah,1,0,
Terlalu ribet saat login,1,0,ribet login
Katanya ada PBB ternyata tidak ada,1,0,pbb
Gk bisa di gunakan mhin di tingkatkan,1,0,mhin tingkat
"teruntuk developer apk JSS Apk y uda gud,tampilan y ok simpel mudah d mengerti. E tapi Fungsional apk sangat kurang 1.Isi formulir malah di alihkan ke browser 2.Nomor Pengaduan yg tertera no respon",1,0,untuk developer aplikasi yogyakarta smart service aplikasi good tampil simpel mudah erti fungsional aplikasi isi formulir alih browser nomor adu tera respon
"aplikasi rusak..sebagai warga jogja kecewa sih,niat pngen lewat online tp mlah aplikasi.nya eror gini..ujung""nya harus ke balkot urus manual",1,0,aplikasi rusak warga yogyakarta kecewa niat pngen online aplikasi error ujung balkot urus manual
TibaÂ² keluar dan masuk lagi gak bisa padahal akun dan password sudah benar...dan sebelumnya upload identitas gak bisa terus...piye to iki...aplikasi sudah siap belum,2,0,masuk akun password upload identitas piye aplikasi
Masih bagus sama aplikasi sebelumnya. Diupdate malah makin eror..,1,0,bagus aplikasi diupdate error
",aplikasi cuma buat penipuan biar cepat habis kuwota anda, Jngn Download aplikasi ini brooo",1,0,aplikasi tipu biar cepat habis kuwota download aplikasi brooo
Good,2,0,good
Presensi berjalan krg lancar krn sering terganggu,3,0,presensi jalan krg lancar ganggu
"Kenapa saya pakai Aplikasi di android redmi note 10 pro tp utk fitur pendaftaran vaksinasi tidak bisa saya akses, tp kalau masuk dr smartphone yang lain bisa",1,0,pakai aplikasi android redmi note pro fitur daftar vaksinasi akses masuk smartphone
Gak bisa daftar.,2,0,daftar
Dipake buat lihat pajek bangunan gak bisa,1,0,pakai lihat pajek bangun
sedikit2 didandani... :(,2,0,dandan
Verifikasinya lamaaaaaaaaaaaa,1,0,verifikasi lamaaaaaaaaaaaa
Sepertinya hnya bisa diakses untuk keperluan jam kantor,2,0,akses perlu jam kantor
"Baru sampai pada proses pendaftaran saja sudah rumit dan ribet harus menggunakan swafoto dan swavideo dengan KTP. Niatnya mau mempermudah malah rumit, proses verifikasi dari kominfo memakan waktu 2 hari.",1,0,proses daftar rumit ribet swafoto swavideo ktp niat mudah rumit proses verifikasi kominfo makan
"Aplikasi pemerintah, tapi pelayanan dari Kominfo kurang fast, mohon maaf, saya mau mendaftar dan verifikasi nya sangat lama dari tim Kominfo nya, mohon bisa di perbaiki lagi kinerja nya karena merupakan pelayanan masyarakatğŸ™ğŸ»",1,0,aplikasi perintah layan kominfo fast mohon maaf daftar verifikasi tim kominfo mohon baik kerja layan masyarakat
"Habis update tidak bisa diakses, Mohon diperbaiki, Web juga tidak bisa diakses",1,0,habis update akses mohon baik web akses
Aplikasi gak stabil Lelet,1,0,aplikasi stabil lelet
"Aplikasi bagus, tapi tolong dibuat lebih simple, niatnya mau canggih tapi malah bikin emosi masal. Karena gak semua orang mudah memahami aplikai ini. Buat it nya selamat kerja keras, kalau tidak sanggup silahkan mundur biar diganti yang lain yang lebih siap.",1,0,aplikasi bagus simpel niat canggih emosi masal orang mudah paham aplikai selamat kerja keras sanggup silah mundur biar ganti
Aplikasi kurang sempurna,1,0,aplikasi sempurna
"Hebat sekali pelayanan publik dukcapil kota jogja!!! Untuk penggantian KTP rusak melalui JSS dibutuhkan waktu 3 hari lebih, benar benar MAKAN GAJI BUTA. sekedar perbandingan saja penggantian KTP rusak di drivetrue dibutuhkan waktu 10 menit. Lewat aplikasi JSS dibutukan waktu 6X24 jam. Memang yang dilayani bukan hanya saya tapi apa juga selama itu juga proses pengajuan saya???!!!!",1,0,hebat layan publik dukcapil kota yogyakarta ganti ktp rusak yogyakarta smart service butuh makan gaji buta banding ganti ktp rusak drivetrue butuh menit aplikasi yogyakarta smart service dibutukan jam layan proses aju
Status propil dari ketua RT menjadi warga sudah registrasi ulang tapi belum berhasil,3,0,status propil ketua rt warga registrasi ulang hasil
"mau daftar free hotspot susah, udah download sertifikat personal pas mau ekstrak hrs masukin pass akun jss tapi salah trus ga bisa pdhl uda bnr pass akun nya",3,0,daftar free hotspot sulit download sertifikat personal pas ekstrak masuk pass akun yogyakarta smart service salah pass akun
"Aktivasi ulang tidak pernah bisa,",1,0,aktivasi ulang
Sering gagal nyambung ke wifi,1,0,gagal sambung wifi
Kok tidak bisa dipake?,1,0,pakai
Angel sebagian tempat ko mengunakan catphe untuk masuk di kecamatan kelurahan di akses pun susah jare fasilitas go warga kota tapi gak iso guna cm sinyal tok sek jebak arep login ura iso .......,2,0,angel catphe masuk camat lurah akses sulit jare fasilitas warga kota iso sinyal sek jebak arep login ura iso
"Membantu, tapi sekarang jjs hotspot saya nggak bisa dipakek, diotak-atik nggak ada hasil",3,0,bantu jjs hotspot dipakek otak atik hasil
Percuma.. tdk bisa dipakai.. selalu error.. dihubungi ke no helpdesk(WA) tdk ada respon.. dibacapun nggak.. jogja mmg istimewa??? Auto delete..,1,0,pakai error hubung helpdesk wa respon baca yogyakarta istimewa auto delete
"Tolong presensi online di mas test dulu, sebelum di launch, terimakasih",1,0,presensi online test launch terima kasih
VÅºxpb,3,0,xpb
tidak bisa registrasi tolong di perbaikin developers bug swavideo error,2,0,registrasi baik developers bug swavideo error
Sulitnya mau login... Gak jadi aja aah.... Sudah dapat WA...tapi di klik gak ada opsi apapun,1,0,sulit login aah wa klik opsi apa
Gk bisa login wifi woi,1,0,login wifi
Mau login aja ribett banget dan lamaa,1,0,login ribett lamaa
CCTV ga bisa dibuka. Padahal paketan lancar jaya. Ini sih murni dari Aplikasinya,1,0,cctv buka paket lancar jaya murni aplikasi
Susah login pendaftaran vaksin,1,0,sulit login daftar vaksin
Kok ga bisa didownload yaa????,1,0,didownload
Ribet.enak langsung datang ke kecamata selesai,1,0,ribet enak langsung kecamata selesai
"Tidak bisa mendaftar, keterangannya KTP tidak terdaftar, padahal jelas KTP dr pemerintah.",1,0,daftar terang ktp daftar ktp perintah
notifnya bikin kaget ğŸ˜‘,3,0,notifnya kaget
kurang baik,2,0,
"Dishub, layanan angkutan umum, blm ada di aplikasi ini",1,0,dishub layan angkut aplikasi
Agak susah sinyalnya,3,0,sulit sinyal
"Sebenarnya aplikasi yg bagus dan sangat bermanfaat, Hanya layanan aplikasi bisa ditingkatkan lagi , pilihan font huruf kurang besar , kalo ada opsi pilihan huruf lbh bagus lagi bikin betah sering2x berkunjung dimari . Apalagi ditambah mode gelap , lbh mantap . ğŸ‘ğŸ˜",3,0,aplikasi bagus manfaat layan aplikasi tingkat pilih font huruf opsi pilih huruf bagus betah kunjung mari tambah mode gelap mantap
"Cctv tidak bisa di play min, error cctv nya. Jadi tidak bisa memantau sikon jalan seperti apa",3,0,cctv play error cctv pantau sikon jalan
"Update terbaru (2 juni 21), aplikasi lemot, daftar antrian puskesmas mental ke halaman beranda saat upload bpjs. Mohon di benahi. Maturnuwun",1,0,update baru juni aplikasi lot daftar antri puskesmas mental halaman beranda upload bpjs mohon benah maturnuwun
"Untuk fitur Live chat JSS respon nya kurang cepat dan kadang respon nya membingungkan karena yang membalas chat nya menggunakan bot. Harusnya admin live chat JSS dari sumber daya manusia yang ada di Diskominfosan saja, agar pertanyaan masyarakat dapat dijawab secara jelas.",2,0,fitur live chat yogyakarta smart service respon cepat kadang respon bingung balas chat bot admin live chat yogyakarta smart service sumber daya manusia diskominfosan masyarakat
"Saya bukan pegawai, tp disuruh update JSS",1,0,pegawai suruh update yogyakarta smart service
WiFi kok tidak ada akses internet terus,3,0,wifi akses internet
Astaghfirulloh.. Mau log in susahnya ampun deh,1,0,astaghfirulloh log susah ampun
oke tak coba dulu,3,0,oke coba
MUH NURiZZA,2,0,
"Pelayanan online masih berantakan banget, ngurus KK baru ribetnya minta ampun, admin wa nya juga slow respon banget, cari pegawai yang kompeten lahh",1,0,layan online beranta urus ribetnya ampun admin wa slow respon cari pegawai kompeten
Mohon disempurnakan fitur absensi otomatis yang terbaru tidak berjalan dihp kami yg ada di sekolah kemarin dpt info dr salah satu pegawai dinas pendidikan bisa tetapi setelah kami coba tdk bisa berjalan triamakasih,1,0,mohon sempurna fitur absensi otomatis baru jalan dihp sekolah kemarin info salah pegawai dinas didik coba jalan triamakasih
"App OP bangat , selalu gak bisa di pakeğŸ‰",2,0,aplikasi banget pakai
Respon lambat msh banyak troubel,1,0,respon lambat troubel
Sekarang sering eror mau absen harus updet terus dari kemarin,3,0,error absen update kemarin
Kok mau gabti foto aja di browser gk bs,1,0,gabti foto browser
Regrestasi lambat,1,0,regrestasi lambat
Sering trouble,1,0,trouble
"Untuk log in selalu ber masalah, dari segi login bagus beda dgn wifi2 lain tapi yang ini kurang akurat log in keseringan gagal, pake data untuk log in juga sama ğŸ˜– mohon tinjau ulang kak akses tersebut",1,0,log segi login bagus beda wifi akurat log sering gagal pakai data log mohon tinjau ulang akses
Maaf sebelumnya...tolong untuk pegawai yg ikut jam kerja shift terutama masuk sore untuk jam kepulangan diberi jeda/spaleng waktu untuk absen dan tolong mengenai jadwal kami yang sering trouble dan tidak dapat melakukan absen...mohon untuk dibenahi lg karna kami sebagai pegawai yg dirugikan padahal kami sudah melakukan kewajiban kami untuk memenuhi jam kerja,1,0,maaf pegawai jam kerja shift masuk sore jam pulang jeda spaleng absen jadwal trouble absen mohon benah pegawai rugi wajib penuh jam kerja
Erroorr terooss. Sialllll,1,0,erroorr terooss sialllll
Mohon maaf ini kenapa aplikasi nya tidak bisa digunakan ya? Saya pencet apapun yg ada di menu tidak bisa. Mohon bantuannya.,2,0,mohon maaf aplikasi pencet apa menu mohon bantu
tambah cctv area piyungan ketimur/ kearah wonsa,3,0,cctv area piyungan timur arah wonsa
On,2,0,
"Tolong registrasi di permudah dong, ga usah ada vermuk, yg kamera nya jelek susah mau daftar",3,0,registrasi mudah vermuk kamera jelek sulit daftar
"Gak pernah bisa masuk, pusing sampek an .. ini sebenarnya bisa di pake gak sih???",1,0,masuk pusing pakai
"Judulnya ""Aplikasi untuk memudahkan masyarakat dalam memperoleh layanan-layanan yang telah disediakan Oleh Pemerintah Kota Yogyakarta"". Tapi faktanya setiap mengajukan pertanyaan saja tak pernah ada tanggapan/balasan. Memudahkan darimananya ???",1,0,judul aplikasi mudah masyarakat oleh layan layan sedia perintah kota yogyakarta fakta aju tanggap balas mudah darimananya
Ada fitur CCTV tapi ga bisa dilihat,2,0,fitur cctv
BELUM PROFESIONAL,1,0,profesional
"Tolong dong dibikin widget buat presensi online nya, biar langsung dapat diakses di home screen. dan satu lagi tampilan home nya jangan berat2, hp kentang jadi lemot makasih... #karyawanpemkot",2,0,widget presensi online biar langsung akses home screen tampil home berat hp kentang lot terima kasih karyawanpemkot
apl bsk,1,0,aplikasi
Tidak bisa untuk membuat laporan...,1,0,lapor
"aplikasi apaan ini,mau ganti nomor hp gak bisa.aneh",1,0,aplikasi ganti nomor hp aneh
"Aplikasi yang baik. Masih belum bisa digunakan, isi konten nya masih banyak yang belum bisa dioperasikan atau masih kosong. Saya punya harapan besar aplikasi JSS ini akan bisa membantu banyak kebutuhan. Terima kasih.",3,0,aplikasi isi konten operasi kosong harap aplikasi yogyakarta smart service bantu butuh terima kasih
"Mengurus kepindahan KTP saja dipersulit dan diarahkan aplikasi yg sepertinya tidak siap, niate online malah ora efektif",1,0,urus pindah ktp sulit arah aplikasi niate online ora efektif
"tolong diperbaiki lagi, nyambung wifi buat buka situs situs lainya ga bisa trus,main youtube aja dipersulit",1,0,baik sambung wifi buka situs situs main youtube sulit
"Maaf,pernah masang aplikasi ini..tapi setelah jarang saya buka mau masuk lagi kok susah? Padahal sudah terdaftar dulunya..",2,0,maaf masang aplikasi jarang buka masuk sulit daftar
Kok jadi susah ya,1,0,sulit
Bagus,1,0,bagus
Rasis sekali vaksin kebanyakan nik JOGJA tidak adil buat pendatang KALIAN TIDAK ADA WARGA PENDATANG WISATA & PENDIDIKAN KALIAN TIDAK AKAN BERKEMBANG INGAT!,1,0,ras vaksin banyak nik yogyakarta adil datang warga datang wisata didik kembang
"Aplikasi dibuka blank, apa dalam perbaikan?",2,0,aplikasi buka blank baik
Banyak berita yang saya dapat dari jss,5,1,berita yogyakarta smart service
Sangat membantu dan lengkap.,5,1,bantu lengkap
Aplikasinya sangat membantu dan bermanfaat bagi masyarakat dan ASN,5,1,aplikasi bantu manfaat masyarakat asn
Bagus,5,1,bagus
sangat membantu dan aplikasi sangat lancar no lag dan no iklan ğŸ‘ğŸ˜ jos pokoe,5,1,bantu aplikasi lancar lag iklan pokoe
"Mantap sangat membantu, tapi klo boleh kasih saran d setiap sudut jln yg d rawan kejahatan d pasang cctv atau perlu semua kota dn desa supaya bisa termpantau monitor dn bisa langsung memberi tahukan polisi, dn sangat membantu jika criminal melarikan diri bisa terpantau posisinya",5,1,mantap bantu kasih saran sudut jalan rawan jahat pasang cctv kota desa termpantau monitor langsung tahu polisi bantu criminal lari pantau posisi
Sangat membantu masyarakat jogja,5,1,bantu masyarakat yogyakarta
Cepat tertangani,4,1,cepat tangan
Oke,4,1,oke
"Mantap sekali, baru kali ini ada aplikasi all in one",5,1,mantap aplikasi all one
Lancar akses jss,5,1,lancar akses yogyakarta smart service
memudahkan warga mengakses informasi,5,1,mudah warga akses informasi
Aplikasi bagus....,5,1,aplikasi bagus
Sangat membantu sekali. Mantap,5,1,bantu mantap
Ok,5,1,
cocok buat warga jogja,5,1,cocok warga yogyakarta
Luar biasa,5,1,
Alhamdulillah aplikasi ini memudahkan kinerja pegawai dan warga kota jogja. Cuma masih sering ada kendala pada saat waktu presensi...,5,1,alhamdulillah aplikasi mudah kerja pegawai warga kota yogyakarta kendala presensi
Mantap dan manfaat,5,1,mantap manfaat
Penting dan bermanfaat,5,1,manfaat
Sangat membantu kami dalam memantau anak,5,1,bantu pantau anak
Bagus,5,1,bagus
Aplikasinya membantu bagi Masyarakat dan ASN di lingkungan Kota Yogyakarts dalam hal pelayanan dsb.,5,1,aplikasi bantu masyarakat asn lingkung kota yogyakarta layan
sangat mudah,5,1,mudah
mantab,5,1,mantap
Keren dan mudah serta cepat menambah informasi,5,1,keren mudah cepat tambah informasi
Ok,5,1,
Peningkatan pelayanan prima kepada warga kota yogyakarta.,5,1,tingkat layan prima warga kota yogyakarta
Sebuah inovasi yang sangat membantu,5,1,inovasi bantu
Bagus,5,1,bagus
"Bermanfaat sekali, tingkatkan",5,1,manfaat tingkat
Sangat membantu aplikasinya,5,1,bantu aplikasi
Bermanfaat dan bermartabat,5,1,manfaat martabat
Ok banget warga jadi tahu info nya,5,1,warga info
Mantul,5,1,mantul
Baik,5,1,
Aplikasi yang berisi semua pelayanan pemkot jogja.. Semua layanan terintegrasi disini.. JSS Josss,5,1,aplikasi isi layan perintah kota yogyakarta layan integrasi yogyakarta smart service
Siip,5,1,sip
"mantab dech,, sangat membantu",5,1,mantap bantu
Mempermudah aktivitas pekerjaan,5,1,mudah aktivitas kerja
Ok ok ok ok,5,1,
siip,5,1,sip
"Aplikasi lengkap, cepat, dan mudah digunakan. Info terkini juga dapat segera diakses oleh masyarakat melalu aplikasi ini. Semoga dapat berkembang menjadi lebih baik lagi.",5,1,aplikasi lengkap cepat mudah info kini akses masyarakat lalu aplikasi moga kembang
Sangat membantu orang tua dan warga jogja,5,1,bantu orang tua warga yogyakarta
Bagus,4,1,bagus
Aplikasi yg bagus,5,1,aplikasi bagus
Mantap,5,1,mantap
Top bgt,5,1,top
"Semoga lebih meningkat supaya lebih cepat loadingnya, namun tetap ringan di gadget.",5,1,moga tingkat cepat loadingnya ringan gadget
"Aplikasi ini sangat bermanfaat dan membantu masyarakat karena bisa di akses dimana saja, menunya juga lengkap",5,1,aplikasi manfaat bantu masyarakat akses menu lengkap
Aplikasi yang sangat membantu kami warga kota Yogyakarta...ğŸ‘ğŸ‘,5,1,aplikasi bantu warga kota yogyakarta
"Jooozzzzz....,ğŸ‘ğŸ‘ğŸ‘ğŸ‘",5,1,
"Lambat, pake kuota maupun wifi",5,1,lambat pakai kuota wifi
Tak Perlu Ragu Jadi Profesional & Jangan lupa bahagia hari ini...,5,1,ragu profesional lupa bahagia
Ya baik,5,1,
Aplikasi sangat bermanfaat.... Keren,5,1,aplikasi manfaat keren
Jos,5,1,
Sangat bagus & sangat membantu memudah kn mendapat kn layanan kepemerintahan,5,1,bagus bantu mudah layan perintah
Udah bagus,4,1,bagus
Love it,5,1,love
siip,5,1,sip
Memudahkan berbagai macam pelayanan,5,1,mudah layan
Mantap banget bosku,5,1,mantap bos
ok,5,1,
Belum pernah mempergunakan saja,5,1,
Bagus bermanfaat,5,1,bagus manfaat
oke,5,1,oke
Kok habis up date aplikasi ini.trus ga nyambung ada notifkasi aplikasi terhenti tunggu laporan,5,1,habis up date aplikasi sambung notifkasi aplikasi henti tunggu lapor
"aplikasi sangat membantu dalam urusan urusan kependudukan dan lain lain, dan tidak banyak memakai ruang penyimpanan dalam handphone",5,1,aplikasi bantu urus urus duduk pakai ruang simpan hp
Bagus,5,1,bagus
"memudahkan, semoga terus upgrade lagi dengan fitur2 terbaiknya ya",5,1,mudah moga upgrade fitur baik
top,5,1,top
Bisa mendapat info lbh lengkap!,5,1,info lengkap
Coba instal dulu. Aplikasi yg bagus buat warga Jogja.,5,1,coba install aplikasi bagus warga yogyakarta
semakin mudah semakin nyaman,5,1,mudah nyaman
Memudahkan pelayanan internal pegawai pemkot dan layanan publik kepada masyarakat. User interface juga friendly user ğŸ‘ğŸ½ğŸ‘ğŸ½,5,1,mudah layan internal pegawai perintah kota layan publik masyarakat user interface friendly user
Mantap.,5,1,mantap
Selalu tingkatkan layanan ke masyarakat dgn cara yang lebih simple dan mudah. Mtr nwn,5,1,tingkat layan masyarakat simpel mudah mtr nwn
Mantappp bagus,5,1,mantap bagus
praktis dalam penyampaian keluhan dan meresponnya cepat,5,1,praktis sampai keluh meresponnya cepat
Sangat bermanfaat bagi masyarakat Kota Yogyakarts,5,1,manfaat masyarakat kota yogyakarta
ğŸ‘ğŸ¼,5,1,
"cepat, tepat, manfaat ğŸ‘",5,1,cepat manfaat
ğŸ‘ŒğŸ‘ŒğŸ‘ŒğŸ‘ŒğŸ‘ŒğŸ‘Œ,5,1,
Mungkin untuk cctv area sleman dan tempel bisa ditambahkan,4,1,cctv area sleman tempel
Sangat membantu,5,1,bantu
Bagus dan sangat membantu warga Saya sebagai warga kota jogja sangat bangga dengan aplikasi jss ini...,5,1,bagus bantu warga warga kota yogyakarta bangga aplikasi yogyakarta smart service
aplikasi sangat bermanfaat,5,1,aplikasi manfaat
Alhamdulillah lumayan,4,1,alhamdulillah lumayan
Ok lumayan membantu..,5,1,lumayan bantu
Kami membutuhkan info masuk PTN dan PTS,5,1,butuh info masuk ptn pts
Optimal,5,1,optimal
Jozzzzz...,5,1,
Mantap...pelayanan makin mudah..ğŸ‘ğŸ‘,5,1,mantap layan mudah
Saya ingin buka jogja smart service dengan cepat,5,1,buka yogyakarta smart service cepat
"Aplikasi ini sangat bermanfaat, akan tetapi ketika saya akan mengklik layanan dukcapil terkhusus pembuatan akta tidak bisa diklik atau tidak tersambung ke webnya... Entah hape saya yang bermasalah atau bagaimana? Mohon pencerahannya.",5,1,aplikasi manfaat klik layan dukcapil khusus buat akta klik sambung webnya hp masalah mohon cerah
Bagus,5,1,bagus
Lancar oke,4,1,lancar oke
"Dari nenek, ayah,ibu dan saya lahir dan tinggal di jogja sejak kecil....KTP DIY kok di aplikasi terbaca warga luar kota,apkikasinya yg salah atau data dukcapilnya yg salah ya....mohon penjelasanya....terimakasih",4,1,nenek ayah lahir tinggal yogyakarta ktp yogyakarta aplikasi baca warga kota apkikasinya salah data dukcapilnya salah mohon jasa terima kasih
Kok presensi hilang jeh,5,1,presensi hilang jeh
Jogjaku istimewa,5,1,jogjaku istimewa
Bagus aplikasi untuk pelayanan masyarakat,5,1,bagus aplikasi layan masyarakat
Bagus & informatif,5,1,bagus informatif
Sempurna,5,1,sempurna
"Unggah foto ktp buat pendaftaran kartu kuning kok ga bisa i piye? Mohon dijawab, terima kasih",4,1,unggah foto ktp daftar kartu kuning piye mohon terima kasih
"Saya belum pernah vaksin, bagaimana caranya",5,1,vaksin
Ok sipp,5,1,sip
Wait,5,1,wait
Bagus,5,1,bagus
Aplikasi yg baik satu untuk semua,5,1,aplikasi
tobat aplikasine marai mumet,5,1,tobat aplikasine mara mumet
Info jogja cepat Info darurat tersedia,4,1,info yogyakarta cepat info darurat sedia
Mempermudah akses komunikasi orang jogjağŸ˜Š,5,1,mudah akses komunikasi orang yogyakarta
bagus,5,1,bagus
Aplikasi satu untuk semua,5,1,aplikasi
Susah gabung,5,1,sulit gabung
Absen gak bisa padahal dah di kantor.,4,1,absen kantor
Bisa membantu kalau ada kerusakan,5,1,bantu rusa
Siap,5,1,
Bagus,5,1,bagus
Lancar,5,1,lancar
Good,5,1,good
Sangat terbantu sekali oleh aplikasi JSS,5,1,bantu aplikasi yogyakarta smart service
Bagus,5,1,bagus
Mengapa layanan buat surat pengantar di versi yg baru malah sudah tidak ada lagi daftar warga yg akan dibuatkan surat pengantar? Padahal ini sangat membantu bagi warga yg tidak punya HP Android apalagi aplikasinya. Mohon perhatian nya.,4,1,layan surat antar versi daftar warga buat surat antar bantu warga hp android aplikasi mohon perhati
Keren kerja cepat dan tepat,5,1,keren kerja cepat
Memuaskan,5,1,muas
Aplikasi yang bagus mantab good job,5,1,aplikasi bagus mantap good job
siiip,5,1,sip
"moga2 gk ribet biar bisa menggatikan data pishik, bismillah mugo2 iso gunakr",5,1,moga ribet biar menggatikan data pishik bismillah mugo iso gunakr
Segala sesuatu tentang Jogja serasa dalam satu gengaman,5,1,yogyakarta serasa gengaman
Josss,5,1,
Mantapp..!!,5,1,mantap
Mantap,5,1,mantap
Bagus,5,1,bagus
Pemkot jogja is the best,5,1,perintah kota yogyakarta best
Bagus,5,1,bagus
Maju terus Jogjakita,4,1,maju jogjakita
Jossss.,5,1,jossss
Bagus,5,1,bagus
Bermanfaat,5,1,manfaat
Nice,5,1,nice
Good aplikasi,5,1,good aplikasi
Kota Yogyakarta Istimewa,5,1,kota yogyakarta istimewa
Semoga berguna biasa jd penyambung lidah rakyat Jogja,5,1,moga guna sambung lidah rakyat yogyakarta
Sangat membantu,5,1,bantu
good,5,1,good
Aplikasi JSS memang smart,5,1,aplikasi yogyakarta smart service smart
Ok,5,1,
mudah,5,1,mudah
Aplikasi satu untuk semua,5,1,aplikasi
Mantap. Tingkatkan terus aplikasinya,5,1,mantap tingkat aplikasi
Semoga kota Jogja semakin maju,5,1,moga kota yogyakarta maju
kota Jogja sekarang makin bagus penataanya terutama wilayah Malioboro,5,1,kota yogyakarta bagus penataanya wilayah malioboro
Bagus,5,1,bagus
klk mau liat cctv Jogja di gogle jg ada loh,5,1,klk lihat cctv yogyakarta gogle
Maaf ini layanan antrian rs pratama kok tidak bisa diakses ya?,4,1,maaf layan antri rs pratama akses
Bagus,4,1,bagus
Dengan adanya Aplikasi JSS lebih mempermudah untuk berbagai informasi dan pelayanan yang dibutuhkan masyarakat,5,1,aplikasi yogyakarta smart service mudah informasi layan butuh masyarakat
Semakin kesini sudah semakin bagus... Semoga makin banyak manfaat bagi warga jogja,5,1,bagus moga manfaat warga yogyakarta
"Kini, semua bisa dalam genggaman. Maju terus kota Jogja â¤",4,1,genggam maju kota yogyakarta
Aplikasinya sangat membantu untuk pembuatan akta & KIA,5,1,aplikasi bantu buat akta kia
Jos ğŸ‘ kota Jogja maju terus menuju smart city ğŸ¤©ğŸ’ª,5,1,kota yogyakarta maju smart city
Aplikasi bagus mantab sangat informatif dan sangat bermanfaat,5,1,aplikasi bagus mantap informatif manfaat
Mempermudah sistem pelayanan pegawai maupun masyarakat,5,1,mudah sistem layan pegawai masyarakat
Harus pakai aplikasi ini untuk pelaksanaan kerja sehari-hari di Kota Yogyakarta,5,1,pakai aplikasi laksana kerja hari kota yogyakarta
Siip update selalu.. cari bug nya biar jossss,5,1,sip update cari bug biar jossss
"Terimakasih,",5,1,terima kasih
Bagus,5,1,bagus
aplikasi yang terintegrasi . semua pelayanan ada dalam satu aplikasi,5,1,aplikasi integrasi layan aplikasi
Mantap sekali coy ğŸ‘ğŸ™ğŸ‘,5,1,mantap coy
Bagus,5,1,bagus
Sangat bermanfaat dan membantu dalam layanan kepada Masyarakat dan Pegawai,5,1,manfaat bantu layan masyarakat pegawai
Bener2 melatih kedisiplinan....,5,1,latih disiplin
Keren,5,1,keren
"Maaf hari ini Senin 22 Juni 2020 saya tidak bisa melakukan presensi online, tidak diketahui sebabnya, tetapi pada tampilan halaman presensi online tidak ada opsi masuk. Apakah nanti ada klarifikasi? Karena presensi online adalah bukti masuk kerja yang diakui.",5,1,maaf senin juni presensi online tampil halaman presensi online opsi masuk klarifikasi presensi online bukti masuk kerja aku
Mantul,5,1,mantul
Saya sfh ikut,5,1,sfh
Mantap,5,1,mantap
Ok,5,1,
Perlu peningkatan,4,1,tingkat
"Pelayananya ramah, cepat, tempatnya nyaman bgt...anak2 friendly... Bisa ngprint dokumen sndri.. Ada layanan wifi gratis.. Mantep..ğŸ‘",5,1,layan ramah cepat tempat nyaman anak friendly ngprint dokumen sndri layan wifi gratis mantap
JSS MEMUDAHKAN PELAYANAN PABLIK SEPERTI KIR UJI EMISI KENDARAAN . LAYANAN KEPENDUDUKAN. ADUAN. JAJANAN DAN LAIN LAIN POKOK NYA JSS OKE DEH,5,1,yogyakarta smart service mudah layan pablik kir uji emisi kendara layan duduk adu jajan pokok yogyakarta smart service oke
Good,5,1,good
Penuh perjuangan dan kesabaran,5,1,penuh juang sabar
Penting sekali,4,1,
Well,5,1,
Memudahkan dalam pengurusan kependudukan,5,1,mudah urus duduk
Aplikasi mantap...sangat bermanfaat untuk masyarakat Kota Yogyakarta.,5,1,aplikasi mantap manfaat masyarakat kota yogyakarta
"Ada nya aplikasi jss begitu sangat membantu warga Jogja, seperti pengurusan KTP, KK, akta lahir dll, demi kenyamanan warga Jogja mohon terus dikembang kan",5,1,aplikasi yogyakarta smart service bantu warga yogyakarta urus ktp akta lahir nyaman warga yogyakarta mohon kembang
Bagus dan sangat membantu.. Sejauh ini belum ada kendala dalam pengguan aplikasi :),5,1,bagus bantu kendala pengguan aplikasi
Mantap. Tingkatkan terus aplikasinya,5,1,mantap tingkat aplikasi
Ok,5,1,
Dengan jss layanan untuk pegawai dan masyarakat kota Jogja dan luar jogja semakin baik dan mudah..matur nuwun,5,1,yogyakarta smart service layan pegawai masyarakat kota yogyakarta yogyakarta mudah matur nuwun
Bisa bikin akte kelahiran? Masukin anak ke kk? Tanpa surat pengantar rt rw?,5,1,akte lahir masuk anak surat antar rt rw
Aplikasi yang sangat bermanfaat dan lengkap. Semoga kedepannya semakin oke,5,1,aplikasi manfaat lengkap moga depan oke
Aplikasi untuk semua,5,1,aplikasi
Pelayanan sangat baik,5,1,layan
"Aplikasi nya mantaapp. Sesuai dengan namanya smart service, semoga ke depan makin di perbaiki lgi sistem yang masih kurangğŸ‘",5,1,aplikasi mantaapp sesuai nama smart service moga baik sistem
apik,5,1,apik
"mantul, fast respon",4,1,mantul fast respon
"untuk aplikasinya bagus tapi tolong di tambahkan beberapa stasiun tv misalnya adi tv, jogja tv, kresna tv dan stasiun televisi yg ada di diy.",5,1,aplikasi bagus tambah stasiun tv adi tv yogyakarta tv kresna tv stasiun televisi yogyakarta
Saya menulis ini.. Masih muyer muyer gak mau di download...,5,1,tulis muyer muyer download
Sip lah,5,1,sip
Ok,5,1,
Susah dibuka,4,1,sulit buka
Sangat baik,5,1,
Ok,5,1,
Cepat memberi tanggapan,5,1,cepat tanggap
ğŸ‘sngt membantu,5,1,bantu
Cctv lancar...mantap buat mantau keadaan,5,1,cctv lancar mantap mantau
sangat membantu. usefulllll,5,1,bantu usefulllll
Aplikasi yang sangat keren,5,1,aplikasi keren
Bermanfaat sekali untuk masyarakat Kota Yogyakarta,5,1,manfaat masyarakat kota yogyakarta
Aplikasinya Apik Tenan,5,1,aplikasi apik tenan
Apik neh Nek hp jadul Yo iso lancar. Mesakke para pinisepuh sing hp ne kalah karo anak putune,4,1,apik neh nek hp jadul yo iso lancar mesakke pinisepuh sing hp kalah karo anak putune
Cctv'nya sekarang susah dibuka,5,1,cctv sulit buka
"Aplikasi yg sangat membantu dan memudahkan masyarakat untuk urusan"" Penting",5,1,aplikasi bantu mudah masyarakat urus
Penanganan cepat tapi tingkatkan lagi biar lebih baik,5,1,tangan cepat tingkat biar
Sangat membantu,5,1,bantu
bagus banyak membantu,5,1,bagus bantu
Perlu perbaikan,5,1,baik
Gimana cara login WiFi free hospotnya?,4,1,login wifi free hospotnya
Sangat bermanfaat,5,1,manfaat
Aplikasinya sangat membantu mempermudah mendapat pelayanan publik dari pemerintah kota yk,5,1,aplikasi bantu mudah layan publik perintah kota yk
Bagus sekali,5,1,bagus
Bagus,5,1,bagus
Sangat bermanfaat sekali aplikasi JSS semoga ke depan bisa ditambah fiturnya,5,1,manfaat aplikasi yogyakarta smart service moga tambah fiturnya
Top,5,1,top
"Tolong untuk info pendaftaran vaksin diberi keterangan DOSIS KE BERAPA, agar tidak bingung, TERIMAKASIH",4,1,info daftar vaksin terang dosis bingung terima kasih
Aplikasi yang membantu untuk warga kota Yogyakarta. ğŸ‘,5,1,aplikasi bantu warga kota yogyakarta
Sangat bermanfaat,5,1,manfaat
trus ber semangat,5,1,semangat
",, yg j",5,1,
Mudah di operasikan,5,1,mudah operasi
"Aplikasinya oke, sangat membantu",5,1,aplikasi oke bantu
Makin canggih dan berjaya,5,1,canggih jaya
Ok,5,1,
Ok,5,1,
"Aplikasi yang bermanfaat, baik bagi warganya maupun pegawainya",5,1,aplikasi manfaat warga pegawai
"Makin mantabs Aplikasi JSS sekarang, makin banyak aplikasi layanannya, makin stabil aplikasi didalamnya, serta tampilan yang makin oke punya, semangat ya temen-temen semoga aplikasi ini bermanfaat untuk masyarakat umum dan kota jogja pada khususnya.",5,1,mantabs aplikasi yogyakarta smart service aplikasi layan stabil aplikasi dalam tampil oke semangat teman teman moga aplikasi manfaat masyarakat kota yogyakarta
lumayan enteng aplikasinya,5,1,lumayan enteng aplikasi
Jos,5,1,
"Menu laporan saya tidak berfungsi ,tidak ada data muncul",5,1,menu lapor fungsi data muncul
"Aplikasi pintar,, banyak manfaat",5,1,aplikasi pintar manfaat
Mantab,5,1,mantap
Alhamdllh,5,1,alhamdllh
Bagus sip bingit....,5,1,bagus sip bingit
Pelayanan ramah dan dibantu dalam pengarahan. Pertahankan pelayanan.,5,1,layan ramah bantu arah tahan layan
Kembangkan lagi,5,1,kembang
Mantap sekali boshe,5,1,mantap boshe
Keren...,5,1,keren
Sangat bermanfaat.,5,1,manfaat
Mantap,5,1,mantap
"Satu untuk semua kebutuhan, tingkatkan lagi sistemnya biar kalau setiap akses bisa cepat loading nya. Terimakasih",5,1,butuh tingkat sistem biar akses cepat loading terima kasih
Semoga makin bermafaat,5,1,moga bermafaat
Josssssh!,5,1,josssssh
Semog lancar apa yang saya harapkan,5,1,semog lancar harap
Susah di download,5,1,sulit download
well,5,1,
Aplikasi ini sangat membantu masyarakat kota Yogyakarta,5,1,aplikasi bantu masyarakat kota yogyakarta
"Saya langsung beri bintang 5 tanpa basa basi, dari awal proses instalasi aplikasi, pengajuan permohonan, sampai pengambilan dokumen yang sudah jadi berjalan lancar tanpa kendala, permohonan perubahan KK secara online lsg jadi kurang dari sehari dengan pencetakan mandiri,permohonan KTP perubahan lsg jadi kurang dari setengah hari dan lsg bisa diambil ke loket mall pelayanan publik di balaikota Timoho..ada baiknya sebelum mengajukan permohonan yg diinginkan dpt disiapkan dokumenÂ² pendukung.",5,1,langsung bintang basa basi proses instalasi aplikasi aju mohon ambil dokumen jalan lancar kendala mohon ubah online lsg hari cetak mandiri mohon ktp ubah lsg lsg ambil loket mall layan publik balaikota timoho baik aju mohon siap dokumen dukung
Mudah digunakan dan sangat membantu,5,1,mudah bantu
"hebat,makin maju untuk Yogyakarta tercinta",5,1,hebat maju yogyakarta cinta
memudahkan urusan,4,1,mudah urus
Info Kegiatan donordarah&pesan darah ke pmi blm ada ya?,5,1,info giat donordarah pesan darah pmi
Sangat bermanfaat dan komunikatif,5,1,manfaat komunikatif
Sangat bermanfaat dan membantu.,5,1,manfaat bantu
Menunya semakin komplit.....masyarakat semakin dimudahkan dalam mengakses layanan publik....top markotop Pemkot Jogja...,5,1,menu komplit masyarakat mudah akses layan publik top markotop perintah kota yogyakarta
Berguna sesuai dengan nama aplikasinya sangat smart service,5,1,guna sesuai nama aplikasi smart service
Inovasi yang sangat membantu dan fleksibel...mantap,5,1,inovasi bantu fleksibel mantap
Tjakep,5,1,
Bagus,5,1,bagus
Top,5,1,top
"Sangat menarik, banyak informasi baru yang bisa diperoleh.",5,1,tarik informasi oleh
Bagus,5,1,bagus
ğŸ˜,5,1,
Membantu masyarakat dalam layanan kependudukan dll,5,1,bantu masyarakat layan duduk
Bagus,5,1,bagus
Bagus,4,1,bagus
Sangat berguna dan aplikatif,5,1,guna aplikatif
Oke,5,1,oke
Sangat terbantu saat pendaftaran vaksinasi covid19,5,1,bantu daftar vaksinasi covid
Bagus,5,1,bagus
Maju trs Pemkot Jogja,5,1,maju perintah kota yogyakarta
sangat membantu!!!,5,1,bantu
Mempermudah pekerjaan,5,1,mudah kerja
Apik,5,1,apik
Keren lah,5,1,keren
Good,4,1,good
Bagus membantu sekali,5,1,bagus bantu
Mantap,5,1,mantap
sangat membantu,5,1,bantu
Akses Lebih cepat dari senjatanya korut,5,1,akses cepat senjata
Sangat membantu warga yg ingin mengurus atau mengetahui banyak hal tentang kota Yogyakarta,5,1,bantu warga urus kota yogyakarta
Semoga bermanfaat,5,1,moga manfaat
"Aplikasinya sangat membantu masyarakat, petugasnya ramah. Terimakasih",5,1,aplikasi bantu masyarakat tugas ramah terima kasih
baik,5,1,
Sangat membantulah,5,1,bantu
Belum bisa on,5,1,
