,count
aplikasi,127
bagus,63
membantu,52
jogja,51
daftar,46
nya,45
yg,44
jss,43
kota,40
gak,38
warga,35
ktp,33
login,32
susah,30
masyarakat,28
layanan,28
bermanfaat,27
masuk,26
pelayanan,25
aja,25
mohon,23
ga,22
aplikasinya,22
akses,21
udah,20
wifi,20
cepat,20
mantap,20
cctv,19
vaksin,18
data,17
semoga,16
tp,16
bikin,15
respon,14
akun,14
online,14
wa,13
pegawai,13
gagal,13
yogyakarta,13
diperbaiki,13
memudahkan,13
tdk,12
pendaftaran,12
banget,12
mudah,12
pas,11
foto,11
error,11
biar,11
bgt,11
gk,11
proses,11
salah,10
fitur,10
pake,10
smart,10
lancar,10
kerja,10
ribet,10
update,10
gabisa,10
pemerintah,10
trus,10
info,9
jam,9
eror,9
perbaiki,9
oke,9
presensi,9
ulang,9
dibuka,9
pemkot,8
maaf,8
surat,8
klik,8
orang,8
gimana,8
mempermudah,8
diakses,8
parah,8
nik,8
hp,8
lemot,7
dr,7
sih,7
kk,7
kasih,7
trs,7
sy,7
ngurus,7
manfaat,7
urusan,7
keren,7
langsung,7
perbaikan,7
maju,7
buka,7
tingkatkan,7
good,7
pakai,7
laporan,6
terimakasih,6
perubahan,6
suruh,6
d,6
g,6
bener,6
hilang,6
apk,6
log,6
rusak,6
jelek,6
lambat,6
no,6
kecewa,6
ganti,6
download,6
coba,6
utk,5
lg,5
sesuai,5
blm,5
akta,5
dipersulit,5
service,5
mantab,5
upload,5
diy,5
sistem,5
muter,5
lengkap,5
absen,5
x,5
bug,5
dah,5
tetep,5
disuruh,5
verifikasi,5
top,5
bs,5
ra,5
password,5
diarahkan,5
teng,5
an,5
muncul,5
e,5
publik,5
sinyal,5
chat,5
permohonan,5
in,5
kemarin,4
berjalan,4
tampilan,4
apl,4
dipakai,4
vaksinasi,4
semangat,4
isi,4
pengurusan,4
apik,4
putih,4
simple,4
tv,4
lbh,4
bintang,4
swafoto,4
aktivasi,4
mending,4
asli,4
lihat,4
kali,4
dgn,4
rumit,4
ramah,4
kependudukan,4
instal,4
t,4
halaman,4
karna,4
niat,4
min,4
siip,4
registrasi,4
iso,4
terima,4
mendaftar,4
lgi,4
rt,4
memakai,4
jos,4
live,4
trouble,4
menu,4
sdh,4
informasi,4
sya,4
pengguna,4
helpdesk,4
dn,4
anak,4
hotspot,4
bsa,4
identitas,4
free,4
beda,4
pusing,3
mengurus,3
istimewa,3
ampun,3
si,3
swavideo,3
berguna,3
opsi,3
nyambung,3
payah,3
jalan,3
dibutuhkan,3
nomor,3
doang,3
kominfo,3
jjs,3
user,3
cari,3
dokumen,3
wilayah,3
selesai,3
sleman,3
diupdate,3
terintegrasi,3
ditambah,3
penggantian,3
pilihan,3
petugasnya,3
mengajukan,3
juni,3
terbaru,3
deh,3
makan,3
ujung,3
lumayan,3
browser,3
buang,3
kedepan,3
disempurnakan,3
msh,3
balkot,3
sampek,3
kendala,3
nek,3
habis,3
loading,3
mantul,3
a,3
kalo,3
terdaftar,3
bermasalah,3
sulit,3
profesional,3
pengantar,3
fast,3
wae,3
kadang,3
situs,3
dukcapil,3
mengakses,3
pendatang,3
memuaskan,3
dipake,3
pesan,3
masukin,3
inovasi,3
email,3
pengajuan,3
pengaduan,3
lsg,3
aneh,3
uda,3
go,3
maksimal,3
c,3
versi,3
manual,3
jg,3
ndak,3
syarat,3
jd,2
sampe,2
skil,2
asn,2
sdm,2
berkembang,2
saran,2
berfokus,2
pendukung,2
matur,2
ijasah,2
test,2
area,2
on,2
website,2
ttp,2
tanggapan,2
home,2
k,2
tombol,2
tunanetra,2
tersambung,2
berkas,2
siiip,2
terpaksa,2
kebutuhan,2
dicoba,2
tulisannya,2
nama,2
iki,2
alhamdulillah,2
server,2
kecamatan,2
marai,2
klo,2
sayang,2
kejahatan,2
nyaman,2
dijadikan,2
friendly,2
ragu,2
web,2
krn,2
terlaksana,2
kesalahan,2
ati,2
kn,2
kelurahan,2
menunya,2
kartu,2
arep,2
njuk,2
temen,2
yogyakarts,2
mental,2
ko,2
peningkatan,2
xxx,2
siang,2
sore,2
josss,2
pemberitahuan,2
bolak,2
pekerjaan,2
balasan,2
dihubungi,2
kematian,2
ribetnya,2
hebat,2
penak,2
notifnya,2
pass,2
ngurusnya,2
jngn,2
eg,2
mas,2
serasa,2
fungsinya,2
melayani,2
tertera,2
apapun,2
berfungsi,2
sempurna,2
it,2
eh,2
android,2
y,2
cm,2
piye,2
perbaikin,2
keterangan,2
membalas,2
upgrade,2
canggih,2
operasikan,2
kantor,2
niatnya,2
komunikatif,2
kinerja,2
stabil,2
diaplikasi,2
kirim,2
ny,2
cek,2
makasih,2
play,2
city,2
dpt,2
pendidikan,2
pbb,2
sistemnya,2
admin,2
usser,2
ber,2
puskesmas,2
tinggal,2
pembuatan,2
developer,2
tgl,2
berat,2
iklan,2
gini,2
otomatis,2
tenan,2
ilang,2
dibenahi,2
huruf,2
app,2
emang,2
lag,2
hubungi,2
memantau,2
antrian,2
kelahiran,2
akte,2
ditolak,2
slow,2
emosi,2
jossss,2
dibantu,2
ubah,2
yaa,2
allah,2
skrg,2
tanggal,2
responnya,2
profil,2
juli,2
meng,2
aman,2
jaringan,2
konek,2
to,2
prosesnya,2
penyimpanan,2
rw,2
berhasil,2
is,2
daerah,2
gangguan,2
mantau,2
keperluan,2
ditingkatkan,2
informatif,2
muyer,2
sehari,2
kuota,2
kudu,2
layar,2
lupa,2
out,2
uninstall,2
hrs,2
link,2
sip,2
praktis,2
nunggu,2
lahir,2
ujungnya,2
layanannya,2
nge,2
stasiun,2
minggu,2
well,2
bayar,2
cs,2
mlh,2
terbantu,2
registrasinya,2
internet,2
cacat,2
aah,1
sulitnya,1
dishub,1
angkutan,1
coy,1
melatih,1
font,1
kenyamanan,1
sinyalnya,1
ribett,1
keterangannya,1
kaget,1
nuwun,1
paketan,1
kedisiplinan,1
jaya,1
murni,1
didownload,1
berkunjung,1
enak,1
pengguan,1
balaikota,1
senin,1
dikembang,1
kecamata,1
woi,1
klarifikasi,1
lamaa,1
kedepannya,1
betah,1
hape,1
pelaksanaan,1
berantakan,1
instalasi,1
daya,1
manusia,1
diskominfosan,1
astaghfirulloh,1
klk,1
susahnya,1
pasport,1
muh,1
nurizza,1
kompeten,1
sumber,1
lahh,1
basi,1
absensi,1
dihp,1
malioboro,1
sekolah,1
namanya,1
woeee,1
dinas,1
tambahkan,1
mantaapp,1
liat,1
dimari,1
developers,1
mall,1
kia,1
mode,1
genggaman,1
loket,1
diambil,1
gelap,1
mandiri,1
kesini,1
sikon,1
pratama,1
pengambilan,1
rs,1
beranda,1
pencetakan,1
loh,1
bpjs,1
benahi,1
maturnuwun,1
membingungkan,1
bot,1
gogle,1
bukti,1
hasil,1
xpb,1
pajek,1
emisi,1
didandani,1
verifikasinya,1
lamaaaaaaaaaaaa,1
hnya,1
kendaraan,1
fleksibel,1
aduan,1
memakan,1
tim,1
markotop,1
jajanan,1
sndri,1
lelet,1
pokok,1
dimudahkan,1
masal,1
memahami,1
aplikai,1
penuh,1
selamat,1
keras,1
sanggup,1
bangunan,1
smartphone,1
v,1
pro,1
formulir,1
korut,1
alihkan,1
pngen,1
mlah,1
urus,1
pablik,1
senjatanya,1
penipuan,1
covid,1
kuwota,1
brooo,1
aplikatif,1
mantep,1
diperoleh,1
menarik,1
krg,1
tjakep,1
uji,1
terganggu,1
gratis,1
redmi,1
note,1
silahkan,1
mundur,1
ngprint,1
diganti,1
pelayananya,1
angel,1
mengunakan,1
catphe,1
jare,1
fasilitas,1
baiknya,1
tok,1
sek,1
jebak,1
ura,1
dipakek,1
diotak,1
atik,1
op,1
dibacapun,1
mmg,1
auto,1
timoho,1
sfh,1
diakui,1
delete,1
launch,1
disiapkan,1
bnr,1
tercinta,1
dibutukan,1
perjuangan,1
komplit,1
pmi,1
gaji,1
buta,1
sekedar,1
perbandingan,1
drivetrue,1
menit,1
darah,1
kesabaran,1
pdhl,1
donordarah,1
dilayani,1
status,1
propil,1
kegiatan,1
ketua,1
sertifikat,1
personal,1
ekstrak,1
tempatnya,1
triamakasih,1
tinjau,1
penataanya,1
rakyat,1
bermartabat,1
j,1
berisi,1
wait,1
sipp,1
i,1
kuning,1
bingung,1
dech,1
aktivitas,1
unggah,1
dosis,1
fiturnya,1
terkini,1
melalu,1
tua,1
yk,1
meningkat,1
hospotnya,1
loadingnya,1
ringan,1
penanganan,1
putune,1
prima,1
berjaya,1
tobat,1
pintar,1
tersedia,1
tahukan,1
polisi,1
criminal,1
melarikan,1
terpantau,1
posisinya,1
tertangani,1
all,1
one,1
cocok,1
warganya,1
usefulllll,1
enteng,1
darurat,1
didalamnya,1
lingkungan,1
mantabs,1
pegawainya,1
menambah,1
mumet,1
aplikasine,1
gadget,1
jogjaku,1
jooozzzzz,1
membutuhkan,1
terbaca,1
mtr,1
nwn,1
mantappp,1
penyampaian,1
pinisepuh,1
keluhan,1
meresponnya,1
tempel,1
bangga,1
ptn,1
internal,1
pts,1
mesakke,1
ayah,1
optimal,1
jozzzzz,1
mengklik,1
terkhusus,1
nenek,1
pencerahannya,1
diklik,1
interface,1
apkikasinya,1
neh,1
date,1
bahagia,1
memudah,1
jeh,1
kepemerintahan,1
love,1
fungsional,1
penjelasanya,1
bosku,1
karo,1
up,1
notifkasi,1
yo,1
terhenti,1
kalah,1
tunggu,1
dukcapilnya,1
ruang,1
handphone,1
ne,1
terbaiknya,1
sing,1
jadul,1
alhamdllh,1
monitor,1
komunikasi,1
wonsa,1
basa,1
menulis,1
pencet,1
bantuannya,1
nice,1
piyungan,1
harapkan,1
ketimur,1
semog,1
kearah,1
permudah,1
terooss,1
vermuk,1
kamera,1
judulnya,1
memperoleh,1
disediakan,1
faktanya,1
jogjakita,1
darimananya,1
dibikin,1
widget,1
sialllll,1
erroorr,1
the,1
kresna,1
bangat,1
troubel,1
updet,1
gabti,1
lidah,1
regrestasi,1
penyambung,1
segi,1
adi,1
akurat,1
keseringan,1
memenuhi,1
webnya,1
kak,1
shift,1
kepulangan,1
jeda,1
spaleng,1
jadwal,1
televisi,1
dirugikan,1
kewajiban,1
best,1
screen,1
termpantau,1
kerusakan,1
kebanyakan,1
adil,1
wisata,1
moga,1
job,1
perhatian,1
dibuatkan,1
blank,1
berita,1
sngt,1
kembangkan,1
menggatikan,1
pokoe,1
sudut,1
jln,1
gabung,1
pertahankan,1
pengarahan,1
rawan,1
pasang,1
desa,1
bingit,1
kir,1
pishik,1
josssssh,1
harapan,1
mantapp,1
gengaman,1
kentang,1
karyawanpemkot,1
bsk,1
gunakr,1
konten,1
dioperasikan,1
mugo,1
kosong,1
bismillah,1
jarang,1
bermafaat,1
kepindahan,1
niate,1
ora,1
efektif,1
lainya,1
boshe,1
main,1
youtube,1
masang,1
rasis,1
livenya,1
mengerti,1
menyediakan,1
dadi,1
belu,1
tanda,1
jari,1
shg,1
finger,1
kena,1
potongan,1
tpp,1
wifinya,1
conect,1
notifikasi,1
tuh,1
gimna,1
kl,1
jujur,1
menyulitkan,1
or,1
dl,1
dasar,1
negara,1
berflower,1
birokrasi,1
emg,1
berubah,1
serius,1
gampang,1
weslah,1
onlen,1
fotonya,1
install,1
balai,1
pasword,1
bikikn,1
dululah,1
tul,1
ku,1
aslinya,1
gantilah,1
tlg,1
ngisi,1
ambil,1
tri,1
yaaaa,1
krismilah,1
gatau,1
kesel,1
kukira,1
ngaruh,1
pegang,1
selfie,1
loding,1
smpe,1
seharian,1
prosesssss,1
sadar,1
blibet,1
coyy,1
nginstal,1
barusaja,1
kasian,1
gapunya,1
capil,1
bukanya,1
dipermudah,1
hr,1
parahhhhhhh,1
tabnya,1
warna,1
lucu,1
mutu,1
terbuka,1
pembaharuan,1
belit,1
sms,1
vaksinnya,1
penjadwalan,1
pembatalan,1
tiket,1
direspon,1
mengecewakan,1
lek,1
tulong,1
dapet,1
bar,1
gaiso,1
plinplan,1
berbelit,1
gawe,1
mengamankan,1
dongkol,1
pkay,1
terdeteksi,1
un,1
cahyo,1
shortcut,1
adress,1
nasional,1
sejenis,1
peduli,1
lindungi,1
jaga,1
dicuri,1
alah,1
pinjol,1
privasi,1
menjangkau,1
kedalam,1
trimksih,1
untk,1
offline,1
ngirim,1
file,1
alias,1
ah,1
servernya,1
gag,1
difficult,1
application,1
pembetulan,1
dikirim,1
komplain,1
ad,1
dftar,1
lwat,1
mencoba,1
prasarana,1
pju,1
kesulitan,1
memilih,1
lokasi,1
masak,1
promosi,1
ngumpet,1
jualan,1
dodolan,1
kebalik,1
evektif,1
masarakatnya,1
riber,1
pikir,1
memangkas,1
bersangkutan,1
penduduk,1
dinyatakan,1
intinya,1
seminggu,1
iphone,1
bad,1
sehrus,1
seluler,1
ektp,1
domisili,1
cmn,1
nunut,1
cetak,1
krna,1
ktny,1
hrus,1
tmpt,1
kta,1
tinggl,1
lhoo,1
ios,1
mnrut,1
zudan,1
dilapangan,1
diputar,1
prank,1
menggadu,1
lampu,1
masjid,1
neng,1
gonku,1
rung,1
dikabulke,1
fisik,1
ketik,1
kepengurusan,1
kembangin,1
dikasih,1
sekian,1
kritikan,1
dengarkan,1
laksanakan,1
suwun,1
tbtb,1
cape,1
mulu,1
pelatihan,1
kel,1
kec,1
kiriman,1
menyurat,1
merakyat,1
bobok,1
bgus,1
kmrin,1
lef,1
pilihannya,1
cowoku,1
selingkuhannya,1
ngak,1
kot,1
aktivasinya,1
pekok,1
mempersulit,1
sinovac,1
kepiye,1
kon,1
detail,1
rancu,1
megang,1
logis,1
fungsi,1
teras,1
sengaja,1
moderna,1
tulisan,1
refresh,1
ngga,1
bantuan,1
gtu,1
susahnyaaa,1
sukses,1
whatsapp,1
stuck,1
td,1
donggggg,1
kekantor,1
zzzzz,1
adik,1
tombok,1
njok,1
non,1
opo,1
gunane,1
simpel,1
hadeuhhhh,1
sido,1
dibohongi,1
diulang,1
kalipun,1
protektif,1
name,1
angka,1
pribadi,1
diliat,1
masukan,1
tpi,1
oramg,1
gmn,1
bhs,1
ni,1
bisaaa,1
trashhhhhhhhhhh,1
mi,1
diupgrade,1
hapus,1
menghabiskan,1
kouta,1
pagi,1
dlm,1
notif,1
ganggu,1
inggris,1
ketentuan,1
nyebelin,1
dewe,1
upgrate,1
trima,1
gw,1
dihubungin,1
sekelas,1
itnya,1
kemudahan,1
ruwet,1
ruwetnya,1
ampuuun,1
gembar,1
gemborkan,1
rajelas,1
kabupaten,1
raono,1
balesan,1
err,1
raiso,1
bajingan,1
pemerintahan,1
kuk,1
imanapun,1
tutup,1
khusus,1
deskripsi,1
w,1
suaranyaa,1
kumpul,1
kur,1
bnget,1
nglebokke,1
prosedur,1
meneh,1
ikhlas,1
nggih,1
daftarnya,1
ridak,1
scroll,1
mandek,1
ditengah,1
alhasil,1
macet,1
jogjakarta,1
bolan,1
menerima,1
ngeseks,1
prek,1
as,1
buh,1
gimama,1
indonesia,1
membingung,1
ealah,1
mhin,1
teruntuk,1
gud,1
baleni,1
beres,1
miting,1
sisan,1
malu,1
pemuatan,1
sub,1
mksh,1
help,1
desk,1
bisaaaa,1
selebihnya,1
males,1
golek,1
rasah,1
kerjo,1
turu,1
reviewnya,1
ning,1
omah,1
lamban,1
membuka,1
alasan,1
bagusss,1
acuan,1
sevice,1
penyedia,1
hosting,1
ternama,1
down,1
kuasa,1
lampiran,1
kandung,1
jafar,1
praktek,1
berkaca,1
negri,1
ngebantu,1
linknya,1
ajha,1
apliaksi,1
jga,1
bauk,1
percobaan,1
mengisi,1
pdhal,1
nurrohman,1
doank,1
l,1
b,1
harap,1
pirsa,1
gakk,1
bisaa,1
terusss,1
jelekny,1
diinstal,1
terinstal,1
direct,1
via,1
teori,1
tertulis,1
mencabut,1
astagaa,1
ngebaki,1
memori,1
genah,1
sperti,1
programer,1
hunter,1
hacker,1
kecolongan,1
gila,1
berkali,1
dateng,1
ttep,1
kelar,1
cumua,1
troble,1
terkesan,1
paksakan,1
infrastruktur,1
kualitas,1
pengembangan,1
perawatan,1
mumpuni,1
bidangnya,1
pengalaman,1
keterampilan,1
perekrutan,1
mubeng,1
jal,1
apanya,1
can,1
sebatas,1
commerce,1
berulang,1
reset,1
aplikasibagus,1
contohnya,1
loginnn,1
operator,1
ditunggu,1
acc,1
titik,1
video,1
be,1
gitu,1
played,1
thanks,1
mmbntu,1
membatu,1
jogya,1
dh,1
oktober,1
datanya,1
pdam,1
ikutan,1
rating,1
okay,1
provinsi,1
kirain,1
carane,1
koq,1
kaya,1
bosok,1
ajah,1
dpersulit,1
full,1
maunya,1
gih,1
kerjanya,1
robot,1
lansia,1
monggo,1
stop,1
working,1
tablet,1
lenovo,1
utama,1
mosok,1
mendaftarkan,1
ortu,1
periksa,1
perkawinan,1
ampe,1
aing,1
tahap,1
pendaftarannya,1
membantulah,1
